barrio_name,airbnb_n,airbnb_median,airbnb_p25,airbnb_p75,temp_furn_n,temp_furn_median,long_furn_n,long_furn_median,long_unfurn_n,long_unfurn_median,savings_vs_temp,pct_savings
Puerto Madero,195,2973.00,2319.00,3586.00,199,2404.00,275,2480.00,294,1909.00,569.00,19.00
Olivos,43,1768.00,1406.00,2089.00,,,30,894.00,114,771.00,,
Floresta,11,1742.00,954.00,2076.00,,,,,24,631.00,,
San Isidro,90,1697.00,1316.00,2028.00,,,,,44,818.00,,
Tigre,101,1696.00,1431.00,2000.00,16,1506.00,,,161,872.00,190.00,11.00
Acassuso,28,1642.00,1357.00,1920.00,,,,,12,755.00,,
Victoria,18,1620.00,1164.00,1988.00,,,,,36,945.00,,
Colegiales,274,1588.00,1278.00,1891.00,105,1167.00,99,1251.00,235,815.00,421.00,27.00
San Fernando,18,1578.00,1287.00,2488.00,,,,,51,667.00,,
Beccar,37,1570.00,1007.00,1769.00,,,,,24,862.00,,
Palermo,3650,1561.00,1280.00,1882.00,731,1210.00,631,1154.00,1306,854.00,351.00,22.00
Núñez,197,1506.00,1307.00,1730.00,69,1243.00,80,1033.00,327,874.00,263.00,17.00
Belgrano,555,1485.00,1227.00,1772.00,167,1128.00,118,1066.00,614,814.00,357.00,24.00
Vicente López,136,1483.00,1140.00,1814.00,36,1526.00,81,1029.00,403,773.00,-43.00,-3.00
Martínez,43,1466.00,1030.00,1884.00,,,,,32,854.00,,
Recoleta,1481,1403.00,1178.00,1672.00,337,1043.00,225,868.00,641,728.00,360.00,26.00
Villa Urquiza,146,1349.00,1149.00,1501.00,31,1175.00,56,868.00,449,777.00,174.00,13.00
Villa Devoto,37,1339.00,1157.00,1805.00,,,,,57,729.00,,
Retiro,537,1327.00,1080.00,1612.00,112,940.00,88,912.00,147,751.00,387.00,29.00
La Matanza,33,1297.00,1112.00,1402.00,,,,,144,523.00,,
General San Martín,22,1280.00,1164.00,1380.00,,,,,177,591.00,,
San Nicolás,979,1243.00,1065.00,1470.00,106,816.00,63,735.00,192,655.00,427.00,34.00
Barracas,95,1242.00,838.00,1659.00,,,,,39,639.00,,
Parque Chacabuco,24,1228.00,858.00,1370.00,,,,,54,773.00,,
Chacarita,189,1211.00,991.00,1444.00,22,1181.00,22,973.00,98,726.00,30.00,2.00
Coghlan,50,1200.00,1013.00,1415.00,,,,,46,742.00,,
Saavedra,74,1193.00,945.00,1440.00,,,,,73,854.00,,
Villa Crespo,470,1184.00,994.00,1456.00,62,997.00,61,1063.00,273,767.00,187.00,16.00
San Telmo,364,1182.00,968.00,1611.00,64,970.00,42,910.00,93,740.00,212.00,18.00
La Boca,59,1179.00,994.00,1469.00,,,,,22,746.00,,
Monserrat,614,1173.00,944.00,1396.00,69,850.00,43,821.00,140,678.00,323.00,28.00
Lanús,11,1163.00,1079.00,1243.00,,,,,88,564.00,,
Almagro,507,1161.00,954.00,1346.00,124,916.00,67,796.00,429,660.00,245.00,21.00
Flores,68,1136.00,889.00,1396.00,,,,,122,684.00,,
Florida,17,1124.00,968.00,1194.00,,,,,25,728.00,,
Villa Pueyrredón,11,1115.00,1057.00,1271.00,,,,,27,752.00,,
Caballito,204,1108.00,961.00,1353.00,71,992.00,66,797.00,650,683.00,116.00,10.00
Villa General Mitre,16,1096.00,926.00,1168.00,,,,,34,640.00,,
Agronomía,20,1085.00,823.00,1243.00,,,,,,,,
Villa del Parque,45,1080.00,860.00,1360.00,,,,,56,696.00,,
Constitución,168,1080.00,825.00,1305.00,18,811.00,21,735.00,88,641.00,269.00,25.00
Balvanera,551,1057.00,853.00,1273.00,81,886.00,78,680.00,292,628.00,171.00,16.00
Morón,16,1056.00,939.00,1217.00,,,,,130,569.00,,
Tres de Febrero,21,1054.00,916.00,1187.00,,,,,187,530.00,,
San Cristóbal,79,1039.00,867.00,1197.00,13,933.00,19,671.00,101,650.00,106.00,10.00
Parque Chas,17,1025.00,860.00,1184.00,,,,,21,758.00,,
Parque Patricios,34,1005.00,818.00,1179.00,,,,,18,637.00,,
Villa Luro,11,989.00,899.00,1371.00,,,,,28,706.00,,
Avellaneda,12,983.00,790.00,1769.00,,,,,53,560.00,,
Villa Ortúzar,43,977.00,800.00,1215.00,,,,,59,830.00,,
Villa Santa Rita,13,971.00,925.00,1094.00,,,,,27,671.00,,
Boedo,45,864.00,629.00,941.00,,,,,24,647.00,,
Parque Avellaneda,12,823.00,638.00,938.00,,,,,10,656.00,,
