category,bedrooms,n,med_rent_exp,med_expensas,med_utilities,avg_guarantee_when_charged,pct_with_guarantee,avg_broker_when_charged,pct_with_broker,med_all_in,utils_pct,guarantee_pct,broker_pct
long furnished,1,2299,809.00,130.00,92.00,78.00,96.00,38.00,7.00,1033.00,8.90,7.50,3.70
long unfurnished,1,10702,551.00,110.00,71.00,49.00,93.00,21.00,7.00,716.00,9.90,6.80,2.90
temp furnished,1,2584,850.00,109.00,90.00,,0.00,155.00,92.00,1109.00,8.10,,13.90
temp unfurnished,1,746,809.00,108.00,90.00,,0.00,140.00,90.00,1059.00,8.50,,13.20
long furnished,2,1289,1300.00,196.00,98.00,127.00,95.00,73.00,6.00,1594.00,6.20,8.00,4.60
long unfurnished,2,6451,841.00,162.00,81.00,78.00,93.00,36.00,8.00,1079.00,7.50,7.20,3.30
temp furnished,2,1250,1300.00,162.00,97.00,,0.00,232.00,93.00,1686.00,5.70,,13.80
temp unfurnished,2,514,1399.00,187.00,98.00,,0.00,237.00,89.00,1825.00,5.40,,13.00
long furnished,3,735,2000.00,363.00,111.00,196.00,97.00,102.00,6.00,2492.00,4.40,7.90,4.10
long unfurnished,3,3410,1500.00,314.00,105.00,146.00,96.00,64.00,6.00,1940.00,5.40,7.50,3.30
temp furnished,3,491,2100.00,250.00,107.00,,0.00,384.00,94.00,2803.00,3.80,,13.70
temp unfurnished,3,757,3500.00,460.00,124.00,,0.00,568.00,92.00,4681.00,2.70,,12.10
