snapshot_date,barrio,bedroom_bucket,channel,furnished,n_total,n_fenced,p25,p50,p75,computed_at,methodology_version
2026-07-01,Almagro,0,all,all,929,879,572.73,706.06,934.74,2026-07-31T03:28:14.076331+00:00,7a7959fab51a
2026-07-01,Almagro,0,platform,all,147,144,1007.50,1160.00,1593.50,2026-07-31T03:28:14.076331+00:00,7a7959fab51a
2026-07-01,Almagro,0,platform,furnished,147,144,1007.50,1160.00,1593.50,2026-07-31T03:28:14.076331+00:00,7a7959fab51a
2026-07-01,Almagro,0,direct,all,782,724,554.83,655.89,787.00,2026-07-31T03:28:14.076331+00:00,7a7959fab51a
2026-07-01,Almagro,0,direct,furnished,315,309,713.82,809.43,1019.99,2026-07-31T03:28:14.076331+00:00,7a7959fab51a
2026-07-01,Almagro,0,direct,unfurnished,382,372,503.77,578.70,654.27,2026-07-31T03:28:14.076331+00:00,7a7959fab51a
2026-07-01,Almagro,1,all,all,1579,1529,670.16,897.10,1228.00,2026-07-31T03:28:14.076331+00:00,7a7959fab51a
2026-07-01,Almagro,1,platform,all,750,720,919.59,1165.00,1507.00,2026-07-31T03:28:14.076331+00:00,7a7959fab51a
2026-07-01,Almagro,1,platform,furnished,748,718,922.59,1168.00,1508.00,2026-07-31T03:28:14.076331+00:00,7a7959fab51a
2026-07-01,Almagro,1,direct,all,829,784,615.36,708.63,898.99,2026-07-31T03:28:14.076331+00:00,7a7959fab51a
2026-07-01,Almagro,1,direct,furnished,258,243,773.98,931.72,1104.13,2026-07-31T03:28:14.076331+00:00,7a7959fab51a
2026-07-01,Almagro,1,direct,unfurnished,488,453,583.92,660.26,733.72,2026-07-31T03:28:14.076331+00:00,7a7959fab51a
2026-07-01,Almagro,2,all,all,464,431,921.79,1156.52,1498.41,2026-07-31T03:28:14.076331+00:00,7a7959fab51a
2026-07-01,Almagro,2,platform,all,128,124,1272.50,1725.50,2350.25,2026-07-31T03:28:14.076331+00:00,7a7959fab51a
2026-07-01,Almagro,2,platform,furnished,128,124,1272.50,1725.50,2350.25,2026-07-31T03:28:14.076331+00:00,7a7959fab51a
2026-07-01,Almagro,2,direct,all,336,327,868.42,1064.10,1283.33,2026-07-31T03:28:14.076331+00:00,7a7959fab51a
2026-07-01,Almagro,2,direct,furnished,79,76,1053.87,1240.43,1522.73,2026-07-31T03:28:14.076331+00:00,7a7959fab51a
2026-07-01,Almagro,2,direct,unfurnished,199,193,818.94,959.35,1179.62,2026-07-31T03:28:14.076331+00:00,7a7959fab51a
2026-07-01,Almagro,3,all,all,127,113,1116.53,1342.64,1642.54,2026-07-31T03:28:14.076331+00:00,7a7959fab51a
2026-07-01,Almagro,3,direct,all,111,101,1103.38,1290.49,1535.77,2026-07-31T03:28:14.076331+00:00,7a7959fab51a
2026-07-01,Almagro,3,direct,unfurnished,71,64,1084.64,1305.95,1498.03,2026-07-31T03:28:14.076331+00:00,7a7959fab51a
2026-07-01,Almagro,4,all,all,33,29,2188.00,4010.00,6022.00,2026-07-31T03:28:14.076331+00:00,7a7959fab51a
2026-07-01,Almagro,4,direct,all,25,22,2126.42,3753.57,5255.28,2026-07-31T03:28:14.076331+00:00,7a7959fab51a
2026-07-01,Balvanera,0,all,all,781,722,522.47,641.43,861.40,2026-07-31T03:28:14.076331+00:00,7a7959fab51a
2026-07-01,Balvanera,0,platform,all,131,125,905.00,1174.00,1506.50,2026-07-31T03:28:14.076331+00:00,7a7959fab51a
2026-07-01,Balvanera,0,platform,furnished,130,124,905.00,1174.00,1508.75,2026-07-31T03:28:14.076331+00:00,7a7959fab51a
2026-07-01,Balvanera,0,direct,all,650,614,502.28,604.47,719.08,2026-07-31T03:28:14.076331+00:00,7a7959fab51a
2026-07-01,Balvanera,0,direct,furnished,248,240,604.18,705.58,860.35,2026-07-31T03:28:14.076331+00:00,7a7959fab51a
2026-07-01,Balvanera,0,direct,unfurnished,303,294,453.74,535.17,624.45,2026-07-31T03:28:14.076331+00:00,7a7959fab51a
2026-07-01,Balvanera,1,all,all,1460,1369,627.60,838.32,1195.00,2026-07-31T03:28:14.076331+00:00,7a7959fab51a
2026-07-01,Balvanera,1,platform,all,816,746,825.75,1083.00,1435.25,2026-07-31T03:28:14.076331+00:00,7a7959fab51a
2026-07-01,Balvanera,1,platform,furnished,815,745,825.50,1083.00,1435.50,2026-07-31T03:28:14.076331+00:00,7a7959fab51a
2026-07-01,Balvanera,1,direct,all,644,597,574.26,657.94,780.08,2026-07-31T03:28:14.076331+00:00,7a7959fab51a
2026-07-01,Balvanera,1,direct,furnished,199,180,697.23,851.67,1004.27,2026-07-31T03:28:14.076331+00:00,7a7959fab51a
2026-07-01,Balvanera,1,direct,unfurnished,347,334,560.99,615.17,687.48,2026-07-31T03:28:14.076331+00:00,7a7959fab51a
2026-07-01,Balvanera,2,all,all,454,429,828.77,1049.74,1478.75,2026-07-31T03:28:14.076331+00:00,7a7959fab51a
2026-07-01,Balvanera,2,platform,all,125,112,1268.00,1583.00,1946.00,2026-07-31T03:28:14.076331+00:00,7a7959fab51a
2026-07-01,Balvanera,2,platform,furnished,125,112,1268.00,1583.00,1946.00,2026-07-31T03:28:14.076331+00:00,7a7959fab51a
2026-07-01,Balvanera,2,direct,all,329,318,795.17,931.31,1240.42,2026-07-31T03:28:14.076331+00:00,7a7959fab51a
2026-07-01,Balvanera,2,direct,furnished,95,90,1037.17,1292.98,1538.64,2026-07-31T03:28:14.076331+00:00,7a7959fab51a
2026-07-01,Balvanera,2,direct,unfurnished,184,165,763.56,849.30,977.67,2026-07-31T03:28:14.076331+00:00,7a7959fab51a
2026-07-01,Balvanera,3,all,all,125,110,1119.07,1455.52,2114.00,2026-07-31T03:28:14.076331+00:00,7a7959fab51a
2026-07-01,Balvanera,3,platform,all,42,38,2035.75,2430.50,3844.50,2026-07-31T03:28:14.076331+00:00,7a7959fab51a
2026-07-01,Balvanera,3,platform,furnished,42,38,2035.75,2430.50,3844.50,2026-07-31T03:28:14.076331+00:00,7a7959fab51a
2026-07-01,Balvanera,3,direct,all,83,80,1051.57,1178.87,1469.17,2026-07-31T03:28:14.076331+00:00,7a7959fab51a
2026-07-01,Balvanera,3,direct,unfurnished,57,56,942.84,1141.96,1396.33,2026-07-31T03:28:14.076331+00:00,7a7959fab51a
2026-07-01,Balvanera,4,all,all,42,38,1487.00,2067.97,3371.25,2026-07-31T03:28:14.076331+00:00,7a7959fab51a
2026-07-01,Balvanera,4,direct,all,32,30,1284.71,1681.19,2108.97,2026-07-31T03:28:14.076331+00:00,7a7959fab51a
2026-07-01,Balvanera,4,direct,unfurnished,24,23,1121.07,1631.39,2049.46,2026-07-31T03:28:14.076331+00:00,7a7959fab51a
2026-07-01,Belgrano,0,all,all,1006,951,671.86,797.78,1124.86,2026-07-31T03:28:14.076331+00:00,7a7959fab51a
2026-07-01,Belgrano,0,platform,all,179,164,1116.50,1366.00,1724.00,2026-07-31T03:28:14.076331+00:00,7a7959fab51a
2026-07-01,Belgrano,0,platform,furnished,179,164,1116.50,1366.00,1724.00,2026-07-31T03:28:14.076331+00:00,7a7959fab51a
2026-07-01,Belgrano,0,direct,all,827,774,648.82,743.63,946.36,2026-07-31T03:28:14.076331+00:00,7a7959fab51a
2026-07-01,Belgrano,0,direct,furnished,327,318,747.72,953.96,1197.04,2026-07-31T03:28:14.076331+00:00,7a7959fab51a
2026-07-01,Belgrano,0,direct,unfurnished,374,352,613.99,689.19,769.93,2026-07-31T03:28:14.076331+00:00,7a7959fab51a
2026-07-01,Belgrano,1,all,all,1933,1840,890.26,1162.00,1574.00,2026-07-31T03:28:14.076331+00:00,7a7959fab51a
2026-07-01,Belgrano,1,platform,all,854,798,1164.19,1496.00,1910.75,2026-07-31T03:28:14.076331+00:00,7a7959fab51a
2026-07-01,Belgrano,1,platform,furnished,854,798,1164.19,1496.00,1910.75,2026-07-31T03:28:14.076331+00:00,7a7959fab51a
2026-07-01,Belgrano,1,direct,all,1079,1042,774.05,987.59,1247.15,2026-07-31T03:28:14.076331+00:00,7a7959fab51a
2026-07-01,Belgrano,1,direct,furnished,358,345,946.79,1134.90,1491.66,2026-07-31T03:28:14.076331+00:00,7a7959fab51a
2026-07-01,Belgrano,1,direct,unfurnished,562,542,700.14,860.58,1082.77,2026-07-31T03:28:14.076331+00:00,7a7959fab51a
2026-07-01,Belgrano,2,all,all,859,807,1184.58,1647.00,2254.20,2026-07-31T03:28:14.076331+00:00,7a7959fab51a
2026-07-01,Belgrano,2,platform,all,195,183,1761.56,2381.00,3188.00,2026-07-31T03:28:14.076331+00:00,7a7959fab51a
2026-07-01,Belgrano,2,platform,furnished,195,183,1761.56,2381.00,3188.00,2026-07-31T03:28:14.076331+00:00,7a7959fab51a
2026-07-01,Belgrano,2,direct,all,664,624,1117.02,1473.80,1948.66,2026-07-31T03:28:14.076331+00:00,7a7959fab51a
2026-07-01,Belgrano,2,direct,furnished,239,222,1416.05,1704.32,2192.27,2026-07-31T03:28:14.076331+00:00,7a7959fab51a
2026-07-01,Belgrano,2,direct,unfurnished,338,320,982.55,1251.12,1731.57,2026-07-31T03:28:14.076331+00:00,7a7959fab51a
2026-07-01,Belgrano,3,all,all,420,397,1870.92,2998.91,4525.82,2026-07-31T03:28:14.076331+00:00,7a7959fab51a
2026-07-01,Belgrano,3,platform,all,51,49,2630.00,4216.00,6346.50,2026-07-31T03:28:14.076331+00:00,7a7959fab51a
2026-07-01,Belgrano,3,platform,furnished,51,49,2630.00,4216.00,6346.50,2026-07-31T03:28:14.076331+00:00,7a7959fab51a
2026-07-01,Belgrano,3,direct,all,369,350,1839.64,2866.11,4283.83,2026-07-31T03:28:14.076331+00:00,7a7959fab51a
2026-07-01,Belgrano,3,direct,furnished,89,87,1968.85,3609.95,5020.41,2026-07-31T03:28:14.076331+00:00,7a7959fab51a
2026-07-01,Belgrano,3,direct,unfurnished,200,185,1806.21,2553.99,3775.69,2026-07-31T03:28:14.076331+00:00,7a7959fab51a
2026-07-01,Belgrano,4,all,all,132,121,3699.34,5613.59,8930.50,2026-07-31T03:28:14.076331+00:00,7a7959fab51a
2026-07-01,Belgrano,4,direct,all,121,112,3488.86,5605.63,8838.00,2026-07-31T03:28:14.076331+00:00,7a7959fab51a
2026-07-01,Belgrano,4,direct,furnished,26,23,3987.34,6096.70,9924.57,2026-07-31T03:28:14.076331+00:00,7a7959fab51a
2026-07-01,Belgrano,4,direct,unfurnished,69,65,3334.94,4497.54,8690.94,2026-07-31T03:28:14.076331+00:00,7a7959fab51a
2026-07-01,Bemowo,0,all,all,24,24,864.00,954.44,992.31,2026-07-31T03:28:14.076331+00:00,7a7959fab51a
2026-07-01,Bemowo,0,direct,all,24,24,864.00,954.44,992.31,2026-07-31T03:28:14.076331+00:00,7a7959fab51a
2026-07-01,Bemowo,0,direct,furnished,24,24,864.00,954.44,992.31,2026-07-31T03:28:14.076331+00:00,7a7959fab51a
2026-07-01,Bemowo,1,all,all,87,83,1039.96,1115.76,1228.00,2026-07-31T03:28:14.076331+00:00,7a7959fab51a
2026-07-01,Bemowo,1,direct,all,87,83,1039.96,1115.76,1228.00,2026-07-31T03:28:14.076331+00:00,7a7959fab51a
2026-07-01,Bemowo,1,direct,furnished,86,83,1038.75,1115.84,1230.75,2026-07-31T03:28:14.076331+00:00,7a7959fab51a
2026-07-01,Bemowo,2,all,all,51,50,1424.90,1536.03,1678.68,2026-07-31T03:28:14.076331+00:00,7a7959fab51a
2026-07-01,Bemowo,2,direct,all,51,50,1424.90,1536.03,1678.68,2026-07-31T03:28:14.076331+00:00,7a7959fab51a
2026-07-01,Bemowo,2,direct,furnished,49,48,1424.78,1536.03,1691.53,2026-07-31T03:28:14.076331+00:00,7a7959fab51a
2026-07-01,Białołęka,1,all,all,101,98,993.66,1072.45,1144.25,2026-07-31T03:28:14.076331+00:00,7a7959fab51a
2026-07-01,Białołęka,1,direct,all,101,98,993.66,1072.45,1144.25,2026-07-31T03:28:14.076331+00:00,7a7959fab51a
2026-07-01,Białołęka,1,direct,furnished,100,97,993.19,1066.92,1142.31,2026-07-31T03:28:14.076331+00:00,7a7959fab51a
2026-07-01,Białołęka,2,all,all,30,29,1185.09,1266.61,1369.38,2026-07-31T03:28:14.076331+00:00,7a7959fab51a
2026-07-01,Białołęka,2,direct,all,30,29,1185.09,1266.61,1369.38,2026-07-31T03:28:14.076331+00:00,7a7959fab51a
2026-07-01,Białołęka,2,direct,furnished,27,25,1181.84,1266.19,1352.96,2026-07-31T03:28:14.076331+00:00,7a7959fab51a
2026-07-01,Bielany,0,all,all,36,36,772.67,855.38,924.15,2026-07-31T03:28:14.076331+00:00,7a7959fab51a
2026-07-01,Bielany,0,direct,all,36,36,772.67,855.38,924.15,2026-07-31T03:28:14.076331+00:00,7a7959fab51a
2026-07-01,Bielany,0,direct,furnished,36,36,772.67,855.38,924.15,2026-07-31T03:28:14.076331+00:00,7a7959fab51a
2026-07-01,Bielany,1,all,all,103,103,1033.58,1129.05,1248.67,2026-07-31T03:28:14.076331+00:00,7a7959fab51a
2026-07-01,Bielany,1,direct,all,103,103,1033.58,1129.05,1248.67,2026-07-31T03:28:14.076331+00:00,7a7959fab51a
2026-07-01,Bielany,1,direct,furnished,100,100,1035.25,1129.05,1248.59,2026-07-31T03:28:14.076331+00:00,7a7959fab51a
2026-07-01,Bielany,2,all,all,38,34,1273.28,1363.53,1564.76,2026-07-31T03:28:14.076331+00:00,7a7959fab51a
2026-07-01,Bielany,2,direct,all,38,34,1273.28,1363.53,1564.76,2026-07-31T03:28:14.076331+00:00,7a7959fab51a
2026-07-01,Bielany,2,direct,furnished,35,31,1265.36,1346.02,1539.91,2026-07-31T03:28:14.076331+00:00,7a7959fab51a
2026-07-01,Caballito,0,all,all,642,596,545.73,631.52,745.06,2026-07-31T03:28:14.076331+00:00,7a7959fab51a
2026-07-01,Caballito,0,platform,all,53,49,968.00,1154.00,1436.00,2026-07-31T03:28:14.076331+00:00,7a7959fab51a
2026-07-01,Caballito,0,platform,furnished,53,49,968.00,1154.00,1436.00,2026-07-31T03:28:14.076331+00:00,7a7959fab51a
2026-07-01,Caballito,0,direct,all,589,572,539.43,615.86,714.31,2026-07-31T03:28:14.076331+00:00,7a7959fab51a
2026-07-01,Caballito,0,direct,furnished,113,109,689.62,756.08,866.16,2026-07-31T03:28:14.076331+00:00,7a7959fab51a
2026-07-01,Caballito,0,direct,unfurnished,389,379,517.02,580.92,651.17,2026-07-31T03:28:14.076331+00:00,7a7959fab51a
2026-07-01,Caballito,1,all,all,1314,1227,613.93,747.55,958.00,2026-07-31T03:28:14.076331+00:00,7a7959fab51a
2026-07-01,Caballito,1,platform,all,296,276,913.50,1132.00,1503.00,2026-07-31T03:28:14.076331+00:00,7a7959fab51a
2026-07-01,Caballito,1,platform,furnished,295,276,912.00,1128.00,1495.50,2026-07-31T03:28:14.076331+00:00,7a7959fab51a
2026-07-01,Caballito,1,direct,all,1018,981,601.51,702.11,833.72,2026-07-31T03:28:14.076331+00:00,7a7959fab51a
2026-07-01,Caballito,1,direct,furnished,159,150,766.98,891.19,1034.80,2026-07-31T03:28:14.076331+00:00,7a7959fab51a
2026-07-01,Caballito,1,direct,unfurnished,744,730,588.56,659.48,789.96,2026-07-31T03:28:14.076331+00:00,7a7959fab51a
2026-07-01,Caballito,2,all,all,531,491,873.09,1098.73,1380.67,2026-07-31T03:28:14.076331+00:00,7a7959fab51a
2026-07-01,Caballito,2,platform,all,50,48,1292.50,1633.00,2206.00,2026-07-31T03:28:14.076331+00:00,7a7959fab51a
2026-07-01,Caballito,2,platform,furnished,50,48,1292.50,1633.00,2206.00,2026-07-31T03:28:14.076331+00:00,7a7959fab51a
2026-07-01,Caballito,2,direct,all,481,450,862.79,1043.03,1312.67,2026-07-31T03:28:14.076331+00:00,7a7959fab51a
2026-07-01,Caballito,2,direct,furnished,76,76,1039.35,1366.42,2036.11,2026-07-31T03:28:14.076331+00:00,7a7959fab51a
2026-07-01,Caballito,2,direct,unfurnished,341,333,845.01,982.62,1232.19,2026-07-31T03:28:14.076331+00:00,7a7959fab51a
2026-07-01,Caballito,3,all,all,208,193,1341.68,1647.15,2551.64,2026-07-31T03:28:14.076331+00:00,7a7959fab51a
2026-07-01,Caballito,3,direct,all,198,184,1326.70,1600.30,2551.64,2026-07-31T03:28:14.076331+00:00,7a7959fab51a
2026-07-01,Caballito,3,direct,furnished,21,21,1979.26,2206.76,4116.13,2026-07-31T03:28:14.076331+00:00,7a7959fab51a
2026-07-01,Caballito,3,direct,unfurnished,126,117,1286.08,1521.49,2175.86,2026-07-31T03:28:14.076331+00:00,7a7959fab51a
2026-07-01,Caballito,4,all,all,60,56,1802.04,2624.94,3380.14,2026-07-31T03:28:14.076331+00:00,7a7959fab51a
2026-07-01,Caballito,4,direct,all,56,49,1713.38,2595.05,2887.32,2026-07-31T03:28:14.076331+00:00,7a7959fab51a
2026-07-01,Caballito,4,direct,unfurnished,39,34,1585.91,2528.29,2865.07,2026-07-31T03:28:14.076331+00:00,7a7959fab51a
2026-07-01,Chacarita,0,all,all,301,292,663.30,811.16,1046.58,2026-07-31T03:28:14.076331+00:00,7a7959fab51a
2026-07-01,Chacarita,0,platform,all,60,58,1073.50,1264.50,1424.25,2026-07-31T03:28:14.076331+00:00,7a7959fab51a
2026-07-01,Chacarita,0,platform,furnished,60,58,1073.50,1264.50,1424.25,2026-07-31T03:28:14.076331+00:00,7a7959fab51a
2026-07-01,Chacarita,0,direct,all,241,235,637.91,732.78,906.50,2026-07-31T03:28:14.076331+00:00,7a7959fab51a
2026-07-01,Chacarita,0,direct,furnished,113,110,732.50,869.28,991.67,2026-07-31T03:28:14.076331+00:00,7a7959fab51a
2026-07-01,Chacarita,0,direct,unfurnished,96,94,574.96,673.90,733.78,2026-07-31T03:28:14.076331+00:00,7a7959fab51a
2026-07-01,Chacarita,1,all,all,507,494,772.33,1067.50,1471.00,2026-07-31T03:28:14.076331+00:00,7a7959fab51a
2026-07-01,Chacarita,1,platform,all,307,294,947.00,1246.00,1624.00,2026-07-31T03:28:14.076331+00:00,7a7959fab51a
2026-07-01,Chacarita,1,platform,furnished,307,294,947.00,1246.00,1624.00,2026-07-31T03:28:14.076331+00:00,7a7959fab51a
2026-07-01,Chacarita,1,direct,all,200,190,663.33,844.93,1093.72,2026-07-31T03:28:14.076331+00:00,7a7959fab51a
2026-07-01,Chacarita,1,direct,furnished,56,56,886.77,1108.33,1558.65,2026-07-31T03:28:14.076331+00:00,7a7959fab51a
2026-07-01,Chacarita,1,direct,unfurnished,117,111,619.24,713.39,883.37,2026-07-31T03:28:14.076331+00:00,7a7959fab51a
2026-07-01,Chacarita,2,all,all,92,85,1266.21,1844.50,2489.12,2026-07-31T03:28:14.076331+00:00,7a7959fab51a
2026-07-01,Chacarita,2,platform,all,38,34,1835.75,2484.50,3101.19,2026-07-31T03:28:14.076331+00:00,7a7959fab51a
2026-07-01,Chacarita,2,platform,furnished,38,34,1835.75,2484.50,3101.19,2026-07-31T03:28:14.076331+00:00,7a7959fab51a
2026-07-01,Chacarita,2,direct,all,54,52,1025.28,1371.12,1893.24,2026-07-31T03:28:14.076331+00:00,7a7959fab51a
2026-07-01,Chacarita,2,direct,unfurnished,27,27,982.51,1266.21,1452.81,2026-07-31T03:28:14.076331+00:00,7a7959fab51a
2026-07-01,Chacarita,3,all,all,20,17,1281.33,1791.11,2317.33,2026-07-31T03:28:14.076331+00:00,7a7959fab51a
2026-07-01,Coghlan,0,all,all,139,129,641.12,746.11,906.83,2026-07-31T03:28:14.076331+00:00,7a7959fab51a
2026-07-01,Coghlan,0,direct,all,123,118,618.57,723.25,881.24,2026-07-31T03:28:14.076331+00:00,7a7959fab51a
2026-07-01,Coghlan,0,direct,furnished,35,31,812.18,898.04,979.15,2026-07-31T03:28:14.076331+00:00,7a7959fab51a
2026-07-01,Coghlan,0,direct,unfurnished,71,66,572.12,676.93,746.33,2026-07-31T03:28:14.076331+00:00,7a7959fab51a
2026-07-01,Coghlan,1,all,all,158,149,756.27,939.35,1225.97,2026-07-31T03:28:14.076331+00:00,7a7959fab51a
2026-07-01,Coghlan,1,platform,all,69,66,936.68,1159.00,1558.00,2026-07-31T03:28:14.076331+00:00,7a7959fab51a
2026-07-01,Coghlan,1,platform,furnished,69,66,936.68,1159.00,1558.00,2026-07-31T03:28:14.076331+00:00,7a7959fab51a
2026-07-01,Coghlan,1,direct,all,89,84,698.84,870.24,1030.33,2026-07-31T03:28:14.076331+00:00,7a7959fab51a
2026-07-01,Coghlan,1,direct,furnished,27,23,803.84,1001.32,1150.45,2026-07-31T03:28:14.076331+00:00,7a7959fab51a
2026-07-01,Coghlan,1,direct,unfurnished,45,43,678.05,779.00,927.65,2026-07-31T03:28:14.076331+00:00,7a7959fab51a
2026-07-01,Coghlan,2,all,all,81,77,988.87,1252.73,1579.38,2026-07-31T03:28:14.076331+00:00,7a7959fab51a
2026-07-01,Coghlan,2,direct,all,68,65,965.01,1228.31,1500.52,2026-07-31T03:28:14.076331+00:00,7a7959fab51a
2026-07-01,Coghlan,2,direct,furnished,21,19,1303.81,1400.00,1575.93,2026-07-31T03:28:14.076331+00:00,7a7959fab51a
2026-07-01,Coghlan,2,direct,unfurnished,30,30,895.29,1012.64,1204.25,2026-07-31T03:28:14.076331+00:00,7a7959fab51a
2026-07-01,Colegiales,0,all,all,489,453,717.07,898.35,1270.00,2026-07-31T03:28:14.076331+00:00,7a7959fab51a
2026-07-01,Colegiales,0,platform,all,96,83,1173.75,1346.00,1658.25,2026-07-31T03:28:14.076331+00:00,7a7959fab51a
2026-07-01,Colegiales,0,platform,furnished,95,83,1172.50,1338.00,1643.50,2026-07-31T03:28:14.076331+00:00,7a7959fab51a
2026-07-01,Colegiales,0,direct,all,393,356,689.81,827.67,1063.25,2026-07-31T03:28:14.076331+00:00,7a7959fab51a
2026-07-01,Colegiales,0,direct,furnished,206,182,808.73,958.52,1193.62,2026-07-31T03:28:14.076331+00:00,7a7959fab51a
2026-07-01,Colegiales,0,direct,unfurnished,133,120,625.77,693.91,789.10,2026-07-31T03:28:14.076331+00:00,7a7959fab51a
2026-07-01,Colegiales,1,all,all,972,924,919.70,1311.00,1961.43,2026-07-31T03:28:14.076331+00:00,7a7959fab51a
2026-07-01,Colegiales,1,platform,all,438,418,1232.00,1627.50,2336.75,2026-07-31T03:28:14.076331+00:00,7a7959fab51a
2026-07-01,Colegiales,1,platform,furnished,438,418,1232.00,1627.50,2336.75,2026-07-31T03:28:14.076331+00:00,7a7959fab51a
2026-07-01,Colegiales,1,direct,all,534,508,779.73,1049.81,1555.29,2026-07-31T03:28:14.076331+00:00,7a7959fab51a
2026-07-01,Colegiales,1,direct,furnished,249,246,1048.09,1345.63,2215.50,2026-07-31T03:28:14.076331+00:00,7a7959fab51a
2026-07-01,Colegiales,1,direct,unfurnished,227,209,689.90,780.64,1025.56,2026-07-31T03:28:14.076331+00:00,7a7959fab51a
2026-07-01,Colegiales,2,all,all,307,268,1137.27,1617.00,2386.00,2026-07-31T03:28:14.076331+00:00,7a7959fab51a
2026-07-01,Colegiales,2,platform,all,97,87,1714.00,2159.00,3649.00,2026-07-31T03:28:14.076331+00:00,7a7959fab51a
2026-07-01,Colegiales,2,platform,furnished,97,87,1714.00,2159.00,3649.00,2026-07-31T03:28:14.076331+00:00,7a7959fab51a
2026-07-01,Colegiales,2,direct,all,210,189,1010.07,1278.72,1941.26,2026-07-31T03:28:14.076331+00:00,7a7959fab51a
2026-07-01,Colegiales,2,direct,furnished,100,84,1153.30,1749.15,2557.66,2026-07-31T03:28:14.076331+00:00,7a7959fab51a
2026-07-01,Colegiales,2,direct,unfurnished,94,87,935.01,1076.87,1358.49,2026-07-31T03:28:14.076331+00:00,7a7959fab51a
2026-07-01,Colegiales,3,all,all,100,96,1445.27,1886.69,2724.14,2026-07-31T03:28:14.076331+00:00,7a7959fab51a
2026-07-01,Colegiales,3,direct,all,85,84,1443.22,1706.60,2623.12,2026-07-31T03:28:14.076331+00:00,7a7959fab51a
2026-07-01,Colegiales,3,direct,furnished,24,24,1366.24,1693.69,3038.94,2026-07-31T03:28:14.076331+00:00,7a7959fab51a
2026-07-01,Colegiales,3,direct,unfurnished,46,45,1317.52,1811.87,2376.49,2026-07-31T03:28:14.076331+00:00,7a7959fab51a
2026-07-01,Colegiales,4,all,all,46,42,3072.64,4267.74,7805.66,2026-07-31T03:28:14.076331+00:00,7a7959fab51a
2026-07-01,Colegiales,4,direct,all,41,39,3072.64,4267.40,7805.66,2026-07-31T03:28:14.076331+00:00,7a7959fab51a
2026-07-01,Colegiales,4,direct,unfurnished,26,26,1925.04,3653.56,7805.66,2026-07-31T03:28:14.076331+00:00,7a7959fab51a
2026-07-01,Constitución,0,all,all,323,308,523.98,625.21,845.94,2026-07-31T03:28:14.076331+00:00,7a7959fab51a
2026-07-01,Constitución,0,platform,all,44,44,706.82,971.00,1349.75,2026-07-31T03:28:14.076331+00:00,7a7959fab51a
2026-07-01,Constitución,0,platform,furnished,44,44,706.82,971.00,1349.75,2026-07-31T03:28:14.076331+00:00,7a7959fab51a
2026-07-01,Constitución,0,direct,all,279,271,520.48,601.40,760.36,2026-07-31T03:28:14.076331+00:00,7a7959fab51a
2026-07-01,Constitución,0,direct,furnished,102,96,643.37,780.11,876.13,2026-07-31T03:28:14.076331+00:00,7a7959fab51a
2026-07-01,Constitución,0,direct,unfurnished,133,125,494.20,538.48,597.70,2026-07-31T03:28:14.076331+00:00,7a7959fab51a
2026-07-01,Constitución,1,all,all,443,422,642.08,851.13,1219.50,2026-07-31T03:28:14.076331+00:00,7a7959fab51a
2026-07-01,Constitución,1,platform,all,267,250,817.00,1125.00,1450.00,2026-07-31T03:28:14.076331+00:00,7a7959fab51a
2026-07-01,Constitución,1,platform,furnished,267,250,817.00,1125.00,1450.00,2026-07-31T03:28:14.076331+00:00,7a7959fab51a
2026-07-01,Constitución,1,direct,all,176,171,560.28,663.04,807.48,2026-07-31T03:28:14.076331+00:00,7a7959fab51a
2026-07-01,Constitución,1,direct,furnished,66,62,725.09,801.95,1013.82,2026-07-31T03:28:14.076331+00:00,7a7959fab51a
2026-07-01,Constitución,1,direct,unfurnished,88,83,524.80,590.13,662.47,2026-07-31T03:28:14.076331+00:00,7a7959fab51a
2026-07-01,Constitución,2,all,all,86,80,722.32,909.50,1286.08,2026-07-31T03:28:14.076331+00:00,7a7959fab51a
2026-07-01,Constitución,2,direct,all,67,67,691.56,818.43,1128.30,2026-07-31T03:28:14.076331+00:00,7a7959fab51a
2026-07-01,Constitución,2,direct,unfurnished,43,36,687.25,804.04,922.90,2026-07-31T03:28:14.076331+00:00,7a7959fab51a
2026-07-01,La Lucila,1,all,all,53,51,1048.66,1536.00,2038.38,2026-07-31T03:28:14.076331+00:00,7a7959fab51a
2026-07-01,La Lucila,1,direct,all,41,41,1048.51,1607.18,2038.38,2026-07-31T03:28:14.076331+00:00,7a7959fab51a
2026-07-01,La Lucila,1,direct,unfurnished,21,21,720.99,1497.28,1686.73,2026-07-31T03:28:14.076331+00:00,7a7959fab51a
2026-07-01,La Lucila,2,all,all,31,30,1209.40,1833.00,2768.54,2026-07-31T03:28:14.076331+00:00,7a7959fab51a
2026-07-01,La Lucila,2,direct,all,26,26,1191.33,1782.64,2803.89,2026-07-31T03:28:14.076331+00:00,7a7959fab51a
2026-07-01,La Lucila,3,all,all,26,26,4753.87,5347.50,7054.83,2026-07-31T03:28:14.076331+00:00,7a7959fab51a
2026-07-01,La Lucila,3,direct,all,25,25,5125.48,5347.50,7216.67,2026-07-31T03:28:14.076331+00:00,7a7959fab51a
2026-07-01,Mokotów,0,all,all,111,110,873.00,939.27,1042.23,2026-07-31T03:28:14.076331+00:00,7a7959fab51a
2026-07-01,Mokotów,0,direct,all,111,110,873.00,939.27,1042.23,2026-07-31T03:28:14.076331+00:00,7a7959fab51a
2026-07-01,Mokotów,0,direct,furnished,109,108,870.11,939.27,1044.62,2026-07-31T03:28:14.076331+00:00,7a7959fab51a
2026-07-01,Mokotów,1,all,all,377,358,1128.31,1248.28,1408.50,2026-07-31T03:28:14.076331+00:00,7a7959fab51a
2026-07-01,Mokotów,1,direct,all,377,358,1128.31,1248.28,1408.50,2026-07-31T03:28:14.076331+00:00,7a7959fab51a
2026-07-01,Mokotów,1,direct,furnished,375,356,1128.96,1250.21,1409.15,2026-07-31T03:28:14.076331+00:00,7a7959fab51a
2026-07-01,Mokotów,2,all,all,258,240,1503.71,1757.79,2147.26,2026-07-31T03:28:14.076331+00:00,7a7959fab51a
2026-07-01,Mokotów,2,direct,all,258,240,1503.71,1757.79,2147.26,2026-07-31T03:28:14.076331+00:00,7a7959fab51a
2026-07-01,Mokotów,2,direct,furnished,249,233,1503.08,1760.06,2137.21,2026-07-31T03:28:14.076331+00:00,7a7959fab51a
2026-07-01,Mokotów,3,all,all,92,91,2516.84,3212.71,3969.83,2026-07-31T03:28:14.076331+00:00,7a7959fab51a
2026-07-01,Mokotów,3,direct,all,92,91,2516.84,3212.71,3969.83,2026-07-31T03:28:14.076331+00:00,7a7959fab51a
2026-07-01,Mokotów,3,direct,furnished,85,84,2418.77,3165.01,3961.11,2026-07-31T03:28:14.076331+00:00,7a7959fab51a
2026-07-01,Mokotów,4,all,all,20,19,3958.92,4562.02,5679.29,2026-07-31T03:28:14.076331+00:00,7a7959fab51a
2026-07-01,Mokotów,4,direct,all,20,19,3958.92,4562.02,5679.29,2026-07-31T03:28:14.076331+00:00,7a7959fab51a
2026-07-01,Monserrat,0,all,all,688,629,602.53,829.00,1064.29,2026-07-31T03:28:14.076331+00:00,7a7959fab51a
2026-07-01,Monserrat,0,platform,all,237,232,857.00,1095.00,1678.00,2026-07-31T03:28:14.076331+00:00,7a7959fab51a
2026-07-01,Monserrat,0,platform,furnished,237,232,857.00,1095.00,1678.00,2026-07-31T03:28:14.076331+00:00,7a7959fab51a
2026-07-01,Monserrat,0,direct,all,451,436,576.51,692.03,901.90,2026-07-31T03:28:14.076331+00:00,7a7959fab51a
2026-07-01,Monserrat,0,direct,furnished,251,240,674.91,855.74,982.18,2026-07-31T03:28:14.076331+00:00,7a7959fab51a
2026-07-01,Monserrat,0,direct,unfurnished,156,141,492.52,571.22,628.09,2026-07-31T03:28:14.076331+00:00,7a7959fab51a
2026-07-01,Monserrat,1,all,all,1329,1246,750.26,1062.00,1465.00,2026-07-31T03:28:14.076331+00:00,7a7959fab51a
2026-07-01,Monserrat,1,platform,all,951,884,897.00,1224.00,1627.00,2026-07-31T03:28:14.076331+00:00,7a7959fab51a
2026-07-01,Monserrat,1,platform,furnished,951,884,897.00,1224.00,1627.00,2026-07-31T03:28:14.076331+00:00,7a7959fab51a
2026-07-01,Monserrat,1,direct,all,378,355,627.04,755.17,966.58,2026-07-31T03:28:14.076331+00:00,7a7959fab51a
2026-07-01,Monserrat,1,direct,furnished,182,172,755.16,877.61,1061.11,2026-07-31T03:28:14.076331+00:00,7a7959fab51a
2026-07-01,Monserrat,1,direct,unfurnished,144,130,564.61,639.25,741.44,2026-07-31T03:28:14.076331+00:00,7a7959fab51a
2026-07-01,Monserrat,2,all,all,316,303,953.08,1417.93,2023.35,2026-07-31T03:28:14.076331+00:00,7a7959fab51a
2026-07-01,Monserrat,2,platform,all,144,136,1455.75,1809.50,2481.75,2026-07-31T03:28:14.076331+00:00,7a7959fab51a
2026-07-01,Monserrat,2,platform,furnished,144,136,1455.75,1809.50,2481.75,2026-07-31T03:28:14.076331+00:00,7a7959fab51a
2026-07-01,Monserrat,2,direct,all,172,160,795.57,1058.29,1498.93,2026-07-31T03:28:14.076331+00:00,7a7959fab51a
2026-07-01,Monserrat,2,direct,furnished,84,78,954.78,1249.12,1552.39,2026-07-31T03:28:14.076331+00:00,7a7959fab51a
2026-07-01,Monserrat,2,direct,unfurnished,65,62,718.88,819.89,1378.70,2026-07-31T03:28:14.076331+00:00,7a7959fab51a
2026-07-01,Monserrat,3,all,all,60,55,1093.78,1673.39,2778.25,2026-07-31T03:28:14.076331+00:00,7a7959fab51a
2026-07-01,Monserrat,3,platform,all,27,26,2024.17,3151.00,4452.00,2026-07-31T03:28:14.076331+00:00,7a7959fab51a
2026-07-01,Monserrat,3,platform,furnished,27,26,2024.17,3151.00,4452.00,2026-07-31T03:28:14.076331+00:00,7a7959fab51a
2026-07-01,Monserrat,3,direct,all,33,30,1041.52,1143.53,1381.08,2026-07-31T03:28:14.076331+00:00,7a7959fab51a
2026-07-01,Monserrat,4,all,all,37,34,1758.88,4007.00,5311.55,2026-07-31T03:28:14.076331+00:00,7a7959fab51a
2026-07-01,Monserrat,4,direct,all,27,25,1266.94,2250.25,5150.47,2026-07-31T03:28:14.076331+00:00,7a7959fab51a
2026-07-01,Núñez,0,all,all,472,444,665.01,752.07,1026.09,2026-07-31T03:28:14.076331+00:00,7a7959fab51a
2026-07-01,Núñez,0,platform,all,59,53,1157.50,1278.00,1558.00,2026-07-31T03:28:14.076331+00:00,7a7959fab51a
2026-07-01,Núñez,0,platform,furnished,59,53,1157.50,1278.00,1558.00,2026-07-31T03:28:14.076331+00:00,7a7959fab51a
2026-07-01,Núñez,0,direct,all,413,374,651.94,730.33,881.59,2026-07-31T03:28:14.076331+00:00,7a7959fab51a
2026-07-01,Núñez,0,direct,furnished,122,119,738.75,864.61,1031.33,2026-07-31T03:28:14.076331+00:00,7a7959fab51a
2026-07-01,Núñez,0,direct,unfurnished,234,204,629.62,699.42,806.44,2026-07-31T03:28:14.076331+00:00,7a7959fab51a
2026-07-01,Núñez,1,all,all,835,796,887.52,1182.53,1536.42,2026-07-31T03:28:14.076331+00:00,7a7959fab51a
2026-07-01,Núñez,1,platform,all,319,293,1192.50,1424.00,1881.00,2026-07-31T03:28:14.076331+00:00,7a7959fab51a
2026-07-01,Núñez,1,platform,furnished,318,291,1191.25,1422.50,1859.00,2026-07-31T03:28:14.076331+00:00,7a7959fab51a
2026-07-01,Núñez,1,direct,all,516,505,780.10,1005.38,1309.43,2026-07-31T03:28:14.076331+00:00,7a7959fab51a
2026-07-01,Núñez,1,direct,furnished,137,130,1044.34,1295.98,1528.17,2026-07-31T03:28:14.076331+00:00,7a7959fab51a
2026-07-01,Núñez,1,direct,unfurnished,308,300,705.38,907.55,1164.33,2026-07-31T03:28:14.076331+00:00,7a7959fab51a
2026-07-01,Núñez,2,all,all,326,310,1227.46,1690.45,2351.09,2026-07-31T03:28:14.076331+00:00,7a7959fab51a
2026-07-01,Núñez,2,platform,all,67,61,1729.00,2464.00,3474.54,2026-07-31T03:28:14.076331+00:00,7a7959fab51a
2026-07-01,Núñez,2,platform,furnished,67,61,1729.00,2464.00,3474.54,2026-07-31T03:28:14.076331+00:00,7a7959fab51a
2026-07-01,Núñez,2,direct,all,259,249,1157.23,1530.13,2083.71,2026-07-31T03:28:14.076331+00:00,7a7959fab51a
2026-07-01,Núñez,2,direct,furnished,71,67,1682.54,2038.98,2438.64,2026-07-31T03:28:14.076331+00:00,7a7959fab51a
2026-07-01,Núñez,2,direct,unfurnished,159,153,994.71,1281.49,1790.50,2026-07-31T03:28:14.076331+00:00,7a7959fab51a
2026-07-01,Núñez,3,all,all,164,164,1719.81,3304.69,6600.21,2026-07-31T03:28:14.076331+00:00,7a7959fab51a
2026-07-01,Núñez,3,direct,all,150,150,1666.33,3304.69,7136.46,2026-07-31T03:28:14.076331+00:00,7a7959fab51a
2026-07-01,Núñez,3,direct,furnished,54,51,1750.00,3775.33,6267.57,2026-07-31T03:28:14.076331+00:00,7a7959fab51a
2026-07-01,Núñez,3,direct,unfurnished,76,76,1469.43,2897.20,6915.87,2026-07-31T03:28:14.076331+00:00,7a7959fab51a
2026-07-01,Núñez,4,all,all,45,45,4666.67,7781.43,10406.94,2026-07-31T03:28:14.076331+00:00,7a7959fab51a
2026-07-01,Núñez,4,direct,all,44,44,4659.20,7774.03,10335.40,2026-07-31T03:28:14.076331+00:00,7a7959fab51a
2026-07-01,Núñez,4,direct,unfurnished,20,20,4278.23,7864.03,10235.25,2026-07-31T03:28:14.076331+00:00,7a7959fab51a
2026-07-01,Ochota,0,all,all,42,37,862.99,901.70,1004.02,2026-07-31T03:28:14.076331+00:00,7a7959fab51a
2026-07-01,Ochota,0,direct,all,42,37,862.99,901.70,1004.02,2026-07-31T03:28:14.076331+00:00,7a7959fab51a
2026-07-01,Ochota,0,direct,furnished,42,37,862.99,901.70,1004.02,2026-07-31T03:28:14.076331+00:00,7a7959fab51a
2026-07-01,Ochota,1,all,all,93,86,1079.22,1236.94,1344.12,2026-07-31T03:28:14.076331+00:00,7a7959fab51a
2026-07-01,Ochota,1,direct,all,93,86,1079.22,1236.94,1344.12,2026-07-31T03:28:14.076331+00:00,7a7959fab51a
2026-07-01,Ochota,1,direct,furnished,90,83,1080.35,1237.11,1342.72,2026-07-31T03:28:14.076331+00:00,7a7959fab51a
2026-07-01,Ochota,2,all,all,35,31,1377.32,1718.52,1849.81,2026-07-31T03:28:14.076331+00:00,7a7959fab51a
2026-07-01,Ochota,2,direct,all,35,31,1377.32,1718.52,1849.81,2026-07-31T03:28:14.076331+00:00,7a7959fab51a
2026-07-01,Ochota,2,direct,furnished,34,30,1373.72,1717.75,1862.97,2026-07-31T03:28:14.076331+00:00,7a7959fab51a
2026-07-01,Olivos,0,all,all,83,79,554.68,675.05,970.29,2026-07-31T03:28:14.076331+00:00,7a7959fab51a
2026-07-01,Olivos,0,direct,all,71,68,546.26,646.85,814.43,2026-07-31T03:28:14.076331+00:00,7a7959fab51a
2026-07-01,Olivos,0,direct,unfurnished,40,37,488.81,582.26,661.87,2026-07-31T03:28:14.076331+00:00,7a7959fab51a
2026-07-01,Olivos,1,all,all,237,222,689.05,975.19,1470.64,2026-07-31T03:28:14.076331+00:00,7a7959fab51a
2026-07-01,Olivos,1,platform,all,55,54,1341.00,1775.00,2494.50,2026-07-31T03:28:14.076331+00:00,7a7959fab51a
2026-07-01,Olivos,1,platform,furnished,55,54,1341.00,1775.00,2494.50,2026-07-31T03:28:14.076331+00:00,7a7959fab51a
2026-07-01,Olivos,1,direct,all,182,177,647.98,820.75,1272.23,2026-07-31T03:28:14.076331+00:00,7a7959fab51a
2026-07-01,Olivos,1,direct,unfurnished,132,124,630.82,750.14,991.93,2026-07-31T03:28:14.076331+00:00,7a7959fab51a
2026-07-01,Olivos,2,all,all,200,198,1099.79,1469.02,2447.88,2026-07-31T03:28:14.076331+00:00,7a7959fab51a
2026-07-01,Olivos,2,platform,all,20,19,1690.75,2141.50,3049.75,2026-07-31T03:28:14.076331+00:00,7a7959fab51a
2026-07-01,Olivos,2,platform,furnished,20,19,1690.75,2141.50,3049.75,2026-07-31T03:28:14.076331+00:00,7a7959fab51a
2026-07-01,Olivos,2,direct,all,180,179,1076.96,1433.18,2312.82,2026-07-31T03:28:14.076331+00:00,7a7959fab51a
2026-07-01,Olivos,2,direct,furnished,24,24,1564.39,1985.79,2590.57,2026-07-31T03:28:14.076331+00:00,7a7959fab51a
2026-07-01,Olivos,2,direct,unfurnished,114,104,1061.25,1271.93,1749.69,2026-07-31T03:28:14.076331+00:00,7a7959fab51a
2026-07-01,Olivos,3,all,all,49,49,1493.41,2794.29,3694.94,2026-07-31T03:28:14.076331+00:00,7a7959fab51a
2026-07-01,Olivos,3,direct,all,45,45,1489.90,2101.00,3581.53,2026-07-31T03:28:14.076331+00:00,7a7959fab51a
2026-07-01,Olivos,3,direct,unfurnished,29,29,1467.66,1894.48,2952.06,2026-07-31T03:28:14.076331+00:00,7a7959fab51a
2026-07-01,Palermo,0,all,all,4445,4209,750.96,998.63,1384.00,2026-07-31T03:28:14.076331+00:00,7a7959fab51a
2026-07-01,Palermo,0,platform,all,1510,1397,1189.00,1461.00,1885.50,2026-07-31T03:28:14.076331+00:00,7a7959fab51a
2026-07-01,Palermo,0,platform,furnished,1503,1394,1187.50,1457.00,1880.50,2026-07-31T03:28:14.076331+00:00,7a7959fab51a
2026-07-01,Palermo,0,direct,all,2935,2812,678.47,829.88,1054.33,2026-07-31T03:28:14.076331+00:00,7a7959fab51a
2026-07-01,Palermo,0,direct,furnished,1685,1606,803.45,950.08,1163.96,2026-07-31T03:28:14.076331+00:00,7a7959fab51a
2026-07-01,Palermo,0,direct,unfurnished,930,882,579.16,676.94,781.85,2026-07-31T03:28:14.076331+00:00,7a7959fab51a
2026-07-01,Palermo,1,all,all,9226,8670,1019.00,1369.62,1867.00,2026-07-31T03:28:14.076331+00:00,7a7959fab51a
2026-07-01,Palermo,1,platform,all,5706,5298,1177.00,1553.00,2080.75,2026-07-31T03:28:14.076331+00:00,7a7959fab51a
2026-07-01,Palermo,1,platform,furnished,5703,5295,1177.00,1553.00,2081.00,2026-07-31T03:28:14.076331+00:00,7a7959fab51a
2026-07-01,Palermo,1,direct,all,3520,3407,821.67,1094.73,1495.59,2026-07-31T03:28:14.076331+00:00,7a7959fab51a
2026-07-01,Palermo,1,direct,furnished,1780,1701,1025.74,1268.28,1670.57,2026-07-31T03:28:14.076331+00:00,7a7959fab51a
2026-07-01,Palermo,1,direct,unfurnished,1302,1231,689.34,845.13,1120.06,2026-07-31T03:28:14.076331+00:00,7a7959fab51a
2026-07-01,Palermo,2,all,all,3053,2893,1486.61,2117.83,2992.00,2026-07-31T03:28:14.076331+00:00,7a7959fab51a
2026-07-01,Palermo,2,platform,all,1194,1132,1916.25,2619.00,3795.50,2026-07-31T03:28:14.076331+00:00,7a7959fab51a
2026-07-01,Palermo,2,platform,furnished,1193,1132,1916.00,2614.00,3791.00,2026-07-31T03:28:14.076331+00:00,7a7959fab51a
2026-07-01,Palermo,2,direct,all,1859,1787,1282.57,1784.58,2581.57,2026-07-31T03:28:14.076331+00:00,7a7959fab51a
2026-07-01,Palermo,2,direct,furnished,1013,952,1559.43,2073.47,2695.68,2026-07-31T03:28:14.076331+00:00,7a7959fab51a
2026-07-01,Palermo,2,direct,unfurnished,613,577,1057.12,1373.01,2027.05,2026-07-31T03:28:14.076331+00:00,7a7959fab51a
2026-07-01,Palermo,3,all,all,975,920,2115.50,3157.00,5310.99,2026-07-31T03:28:14.076331+00:00,7a7959fab51a
2026-07-01,Palermo,3,platform,all,270,255,2743.00,3863.50,6791.25,2026-07-31T03:28:14.076331+00:00,7a7959fab51a
2026-07-01,Palermo,3,platform,furnished,270,255,2743.00,3863.50,6791.25,2026-07-31T03:28:14.076331+00:00,7a7959fab51a
2026-07-01,Palermo,3,direct,all,705,666,1848.16,2776.72,4697.60,2026-07-31T03:28:14.076331+00:00,7a7959fab51a
2026-07-01,Palermo,3,direct,furnished,233,216,1904.38,2800.00,4430.82,2026-07-31T03:28:14.076331+00:00,7a7959fab51a
2026-07-01,Palermo,3,direct,unfurnished,344,333,1710.40,2691.50,5378.20,2026-07-31T03:28:14.076331+00:00,7a7959fab51a
2026-07-01,Palermo,4,all,all,300,284,3426.50,5272.02,9061.24,2026-07-31T03:28:14.076331+00:00,7a7959fab51a
2026-07-01,Palermo,4,platform,all,117,108,4925.00,8673.00,13821.00,2026-07-31T03:28:14.076331+00:00,7a7959fab51a
2026-07-01,Palermo,4,platform,furnished,117,108,4925.00,8673.00,13821.00,2026-07-31T03:28:14.076331+00:00,7a7959fab51a
2026-07-01,Palermo,4,direct,all,183,173,3281.38,4025.25,6479.09,2026-07-31T03:28:14.076331+00:00,7a7959fab51a
2026-07-01,Palermo,4,direct,furnished,54,54,3445.04,4224.56,6061.86,2026-07-31T03:28:14.076331+00:00,7a7959fab51a
2026-07-01,Palermo,4,direct,unfurnished,83,74,3225.67,3507.56,5841.75,2026-07-31T03:28:14.076331+00:00,7a7959fab51a
2026-07-01,Praga-Północ,0,all,all,42,40,869.36,952.32,1022.30,2026-07-31T03:28:14.076331+00:00,7a7959fab51a
2026-07-01,Praga-Północ,0,direct,all,42,40,869.36,952.32,1022.30,2026-07-31T03:28:14.076331+00:00,7a7959fab51a
2026-07-01,Praga-Północ,0,direct,furnished,41,39,865.24,963.79,1023.94,2026-07-31T03:28:14.076331+00:00,7a7959fab51a
2026-07-01,Praga-Północ,1,all,all,77,73,1089.91,1177.07,1325.84,2026-07-31T03:28:14.076331+00:00,7a7959fab51a
2026-07-01,Praga-Północ,1,direct,all,77,73,1089.91,1177.07,1325.84,2026-07-31T03:28:14.076331+00:00,7a7959fab51a
2026-07-01,Praga-Północ,1,direct,furnished,75,72,1082.46,1177.07,1320.18,2026-07-31T03:28:14.076331+00:00,7a7959fab51a
2026-07-01,Praga-Północ,2,all,all,34,27,1590.93,1824.72,1992.20,2026-07-31T03:28:14.076331+00:00,7a7959fab51a
2026-07-01,Praga-Północ,2,direct,all,34,27,1590.93,1824.72,1992.20,2026-07-31T03:28:14.076331+00:00,7a7959fab51a
2026-07-01,Praga-Północ,2,direct,furnished,29,25,1606.93,1866.66,2085.97,2026-07-31T03:28:14.076331+00:00,7a7959fab51a
2026-07-01,Praga-Południe,0,all,all,68,65,856.32,913.80,988.18,2026-07-31T03:28:14.076331+00:00,7a7959fab51a
2026-07-01,Praga-Południe,0,direct,all,68,65,856.32,913.80,988.18,2026-07-31T03:28:14.076331+00:00,7a7959fab51a
2026-07-01,Praga-Południe,0,direct,furnished,68,65,856.32,913.80,988.18,2026-07-31T03:28:14.076331+00:00,7a7959fab51a
2026-07-01,Praga-Południe,1,all,all,190,177,1066.41,1155.04,1255.87,2026-07-31T03:28:14.076331+00:00,7a7959fab51a
2026-07-01,Praga-Południe,1,direct,all,190,177,1066.41,1155.04,1255.87,2026-07-31T03:28:14.076331+00:00,7a7959fab51a
2026-07-01,Praga-Południe,1,direct,furnished,190,177,1066.41,1155.04,1255.87,2026-07-31T03:28:14.076331+00:00,7a7959fab51a
2026-07-01,Praga-Południe,2,all,all,87,85,1428.33,1526.04,1726.26,2026-07-31T03:28:14.076331+00:00,7a7959fab51a
2026-07-01,Praga-Południe,2,direct,all,87,85,1428.33,1526.04,1726.26,2026-07-31T03:28:14.076331+00:00,7a7959fab51a
2026-07-01,Praga-Południe,2,direct,furnished,83,81,1436.59,1533.16,1751.13,2026-07-31T03:28:14.076331+00:00,7a7959fab51a
2026-07-01,Puerto Madero,0,all,all,467,437,1275.16,1599.00,1855.11,2026-07-31T03:28:14.076331+00:00,7a7959fab51a
2026-07-01,Puerto Madero,0,platform,all,35,35,1897.50,2166.00,2555.00,2026-07-31T03:28:14.076331+00:00,7a7959fab51a
2026-07-01,Puerto Madero,0,platform,furnished,35,35,1897.50,2166.00,2555.00,2026-07-31T03:28:14.076331+00:00,7a7959fab51a
2026-07-01,Puerto Madero,0,direct,all,432,402,1252.39,1536.04,1782.01,2026-07-31T03:28:14.076331+00:00,7a7959fab51a
2026-07-01,Puerto Madero,0,direct,furnished,252,236,1347.20,1607.70,1921.37,2026-07-31T03:28:14.076331+00:00,7a7959fab51a
2026-07-01,Puerto Madero,0,direct,unfurnished,128,124,1058.20,1389.93,1653.85,2026-07-31T03:28:14.076331+00:00,7a7959fab51a
2026-07-01,Puerto Madero,1,all,all,1293,1253,1912.00,2569.00,3523.00,2026-07-31T03:28:14.076331+00:00,7a7959fab51a
2026-07-01,Puerto Madero,1,platform,all,284,270,2317.00,3021.50,4111.50,2026-07-31T03:28:14.076331+00:00,7a7959fab51a
2026-07-01,Puerto Madero,1,platform,furnished,282,268,2318.50,3021.50,4116.50,2026-07-31T03:28:14.076331+00:00,7a7959fab51a
2026-07-01,Puerto Madero,1,direct,all,1009,977,1811.84,2438.81,3292.54,2026-07-31T03:28:14.076331+00:00,7a7959fab51a
2026-07-01,Puerto Madero,1,direct,furnished,670,632,2040.08,2596.07,3315.31,2026-07-31T03:28:14.076331+00:00,7a7959fab51a
2026-07-01,Puerto Madero,1,direct,unfurnished,239,237,1592.27,1872.48,3075.02,2026-07-31T03:28:14.076331+00:00,7a7959fab51a
2026-07-01,Puerto Madero,2,all,all,696,666,2929.34,3687.12,4922.96,2026-07-31T03:28:14.076331+00:00,7a7959fab51a
2026-07-01,Puerto Madero,2,platform,all,93,87,3233.00,3906.00,5349.00,2026-07-31T03:28:14.076331+00:00,7a7959fab51a
2026-07-01,Puerto Madero,2,platform,furnished,93,87,3233.00,3906.00,5349.00,2026-07-31T03:28:14.076331+00:00,7a7959fab51a
2026-07-01,Puerto Madero,2,direct,all,603,581,2854.68,3630.55,4871.98,2026-07-31T03:28:14.076331+00:00,7a7959fab51a
2026-07-01,Puerto Madero,2,direct,furnished,313,310,3089.47,4038.99,5414.82,2026-07-31T03:28:14.076331+00:00,7a7959fab51a
2026-07-01,Puerto Madero,2,direct,unfurnished,216,212,2613.43,3488.21,4339.72,2026-07-31T03:28:14.076331+00:00,7a7959fab51a
2026-07-01,Puerto Madero,3,all,all,214,202,4538.85,5931.43,8616.69,2026-07-31T03:28:14.076331+00:00,7a7959fab51a
2026-07-01,Puerto Madero,3,direct,all,199,187,4506.61,5855.63,8757.97,2026-07-31T03:28:14.076331+00:00,7a7959fab51a
2026-07-01,Puerto Madero,3,direct,furnished,112,104,4421.33,5417.10,8921.47,2026-07-31T03:28:14.076331+00:00,7a7959fab51a
2026-07-01,Puerto Madero,3,direct,unfurnished,67,65,5093.02,6386.06,8717.49,2026-07-31T03:28:14.076331+00:00,7a7959fab51a
2026-07-01,Puerto Madero,4,all,all,40,40,6878.04,8866.68,14752.33,2026-07-31T03:28:14.076331+00:00,7a7959fab51a
2026-07-01,Puerto Madero,4,direct,all,40,40,6878.04,8866.68,14752.33,2026-07-31T03:28:14.076331+00:00,7a7959fab51a
2026-07-01,Recoleta,0,all,all,1768,1650,653.23,822.41,1164.38,2026-07-31T03:28:14.076331+00:00,7a7959fab51a
2026-07-01,Recoleta,0,platform,all,503,466,1029.00,1266.00,1751.00,2026-07-31T03:28:14.076331+00:00,7a7959fab51a
2026-07-01,Recoleta,0,platform,furnished,503,466,1029.00,1266.00,1751.00,2026-07-31T03:28:14.076331+00:00,7a7959fab51a
2026-07-01,Recoleta,0,direct,all,1265,1180,604.07,730.33,893.73,2026-07-31T03:28:14.076331+00:00,7a7959fab51a
2026-07-01,Recoleta,0,direct,furnished,730,691,704.38,817.63,1028.28,2026-07-31T03:28:14.076331+00:00,7a7959fab51a
2026-07-01,Recoleta,0,direct,unfurnished,417,399,519.41,603.31,687.25,2026-07-31T03:28:14.076331+00:00,7a7959fab51a
2026-07-01,Recoleta,1,all,all,3948,3726,879.15,1188.00,1621.00,2026-07-31T03:28:14.076331+00:00,7a7959fab51a
2026-07-01,Recoleta,1,platform,all,2356,2194,1109.50,1398.50,1854.28,2026-07-31T03:28:14.076331+00:00,7a7959fab51a
2026-07-01,Recoleta,1,platform,furnished,2356,2194,1109.50,1398.50,1854.28,2026-07-31T03:28:14.076331+00:00,7a7959fab51a
2026-07-01,Recoleta,1,direct,all,1592,1491,713.93,881.47,1174.92,2026-07-31T03:28:14.076331+00:00,7a7959fab51a
2026-07-01,Recoleta,1,direct,furnished,837,792,871.28,1063.86,1352.77,2026-07-31T03:28:14.076331+00:00,7a7959fab51a
2026-07-01,Recoleta,1,direct,unfurnished,581,525,631.79,722.55,828.45,2026-07-31T03:28:14.076331+00:00,7a7959fab51a
2026-07-01,Recoleta,2,all,all,1568,1483,1268.14,1853.42,2546.07,2026-07-31T03:28:14.076331+00:00,7a7959fab51a
2026-07-01,Recoleta,2,platform,all,573,532,1839.00,2383.00,3232.00,2026-07-31T03:28:14.076331+00:00,7a7959fab51a
2026-07-01,Recoleta,2,platform,furnished,573,532,1839.00,2383.00,3232.00,2026-07-31T03:28:14.076331+00:00,7a7959fab51a
2026-07-01,Recoleta,2,direct,all,995,949,1127.81,1529.15,2093.08,2026-07-31T03:28:14.076331+00:00,7a7959fab51a
2026-07-01,Recoleta,2,direct,furnished,456,441,1411.37,1859.50,2401.49,2026-07-31T03:28:14.076331+00:00,7a7959fab51a
2026-07-01,Recoleta,2,direct,unfurnished,423,389,953.82,1188.51,1644.59,2026-07-31T03:28:14.076331+00:00,7a7959fab51a
2026-07-01,Recoleta,3,all,all,708,675,1946.07,2770.00,3847.38,2026-07-31T03:28:14.076331+00:00,7a7959fab51a
2026-07-01,Recoleta,3,platform,all,172,160,2673.22,3581.50,4758.50,2026-07-31T03:28:14.076331+00:00,7a7959fab51a
2026-07-01,Recoleta,3,platform,furnished,172,160,2673.22,3581.50,4758.50,2026-07-31T03:28:14.076331+00:00,7a7959fab51a
2026-07-01,Recoleta,3,direct,all,536,514,1823.85,2473.99,3497.56,2026-07-31T03:28:14.076331+00:00,7a7959fab51a
2026-07-01,Recoleta,3,direct,furnished,215,207,2180.62,2975.00,3855.00,2026-07-31T03:28:14.076331+00:00,7a7959fab51a
2026-07-01,Recoleta,3,direct,unfurnished,238,220,1623.90,2071.98,2896.82,2026-07-31T03:28:14.076331+00:00,7a7959fab51a
2026-07-01,Recoleta,4,all,all,181,178,2649.23,4088.76,6299.60,2026-07-31T03:28:14.076331+00:00,7a7959fab51a
2026-07-01,Recoleta,4,platform,all,41,40,4674.00,6096.00,8003.00,2026-07-31T03:28:14.076331+00:00,7a7959fab51a
2026-07-01,Recoleta,4,platform,furnished,41,40,4674.00,6096.00,8003.00,2026-07-31T03:28:14.076331+00:00,7a7959fab51a
2026-07-01,Recoleta,4,direct,all,140,140,2384.81,3638.99,5427.99,2026-07-31T03:28:14.076331+00:00,7a7959fab51a
2026-07-01,Recoleta,4,direct,furnished,43,42,3302.10,4088.76,5082.42,2026-07-31T03:28:14.076331+00:00,7a7959fab51a
2026-07-01,Recoleta,4,direct,unfurnished,66,64,1846.22,2969.75,4753.96,2026-07-31T03:28:14.076331+00:00,7a7959fab51a
2026-07-01,Retiro,0,all,all,673,626,642.05,872.00,1203.00,2026-07-31T03:28:14.076331+00:00,7a7959fab51a
2026-07-01,Retiro,0,platform,all,177,171,966.00,1267.00,1817.00,2026-07-31T03:28:14.076331+00:00,7a7959fab51a
2026-07-01,Retiro,0,platform,furnished,177,171,966.00,1267.00,1817.00,2026-07-31T03:28:14.076331+00:00,7a7959fab51a
2026-07-01,Retiro,0,direct,all,496,472,601.06,760.27,1001.00,2026-07-31T03:28:14.076331+00:00,7a7959fab51a
2026-07-01,Retiro,0,direct,furnished,277,258,663.76,838.06,1062.50,2026-07-31T03:28:14.076331+00:00,7a7959fab51a
2026-07-01,Retiro,0,direct,unfurnished,144,138,544.74,657.90,907.46,2026-07-31T03:28:14.076331+00:00,7a7959fab51a
2026-07-01,Retiro,1,all,all,1344,1250,857.61,1140.59,1586.50,2026-07-31T03:28:14.076331+00:00,7a7959fab51a
2026-07-01,Retiro,1,platform,all,841,765,1004.00,1322.00,1790.00,2026-07-31T03:28:14.076331+00:00,7a7959fab51a
2026-07-01,Retiro,1,platform,furnished,841,765,1004.00,1322.00,1790.00,2026-07-31T03:28:14.076331+00:00,7a7959fab51a
2026-07-01,Retiro,1,direct,all,503,477,698.67,865.35,1137.73,2026-07-31T03:28:14.076331+00:00,7a7959fab51a
2026-07-01,Retiro,1,direct,furnished,290,268,812.21,933.33,1160.82,2026-07-31T03:28:14.076331+00:00,7a7959fab51a
2026-07-01,Retiro,1,direct,unfurnished,157,136,622.78,705.05,888.73,2026-07-31T03:28:14.076331+00:00,7a7959fab51a
2026-07-01,Retiro,2,all,all,524,495,1283.33,1757.62,2620.75,2026-07-31T03:28:14.076331+00:00,7a7959fab51a
2026-07-01,Retiro,2,platform,all,200,187,1646.65,2231.00,3165.50,2026-07-31T03:28:14.076331+00:00,7a7959fab51a
2026-07-01,Retiro,2,platform,furnished,200,187,1646.65,2231.00,3165.50,2026-07-31T03:28:14.076331+00:00,7a7959fab51a
2026-07-01,Retiro,2,direct,all,324,289,1156.34,1530.53,2177.62,2026-07-31T03:28:14.076331+00:00,7a7959fab51a
2026-07-01,Retiro,2,direct,furnished,128,123,1221.14,1737.09,2753.37,2026-07-31T03:28:14.076331+00:00,7a7959fab51a
2026-07-01,Retiro,2,direct,unfurnished,139,134,1031.13,1407.12,1910.58,2026-07-31T03:28:14.076331+00:00,7a7959fab51a
2026-07-01,Retiro,3,all,all,284,273,2063.87,2955.08,4146.50,2026-07-31T03:28:14.076331+00:00,7a7959fab51a
2026-07-01,Retiro,3,platform,all,69,61,2458.00,3182.00,4900.00,2026-07-31T03:28:14.076331+00:00,7a7959fab51a
2026-07-01,Retiro,3,platform,furnished,69,61,2458.00,3182.00,4900.00,2026-07-31T03:28:14.076331+00:00,7a7959fab51a
2026-07-01,Retiro,3,direct,all,215,210,1938.93,2744.55,3952.56,2026-07-31T03:28:14.076331+00:00,7a7959fab51a
2026-07-01,Retiro,3,direct,furnished,81,81,2288.60,3380.23,4573.47,2026-07-31T03:28:14.076331+00:00,7a7959fab51a
2026-07-01,Retiro,3,direct,unfurnished,102,97,1682.17,2586.37,3693.35,2026-07-31T03:28:14.076331+00:00,7a7959fab51a
2026-07-01,Retiro,4,all,all,120,108,3497.11,4581.54,5600.66,2026-07-31T03:28:14.076331+00:00,7a7959fab51a
2026-07-01,Retiro,4,platform,all,22,21,4190.75,6271.00,9453.50,2026-07-31T03:28:14.076331+00:00,7a7959fab51a
2026-07-01,Retiro,4,platform,furnished,22,21,4190.75,6271.00,9453.50,2026-07-31T03:28:14.076331+00:00,7a7959fab51a
2026-07-01,Retiro,4,direct,all,98,92,3381.95,4263.78,5388.02,2026-07-31T03:28:14.076331+00:00,7a7959fab51a
2026-07-01,Retiro,4,direct,furnished,49,46,3297.00,3918.57,5021.57,2026-07-31T03:28:14.076331+00:00,7a7959fab51a
2026-07-01,Retiro,4,direct,unfurnished,33,31,4050.25,4939.67,5899.45,2026-07-31T03:28:14.076331+00:00,7a7959fab51a
2026-07-01,San Cristóbal,0,all,all,245,214,539.18,592.89,669.43,2026-07-31T03:28:14.076331+00:00,7a7959fab51a
2026-07-01,San Cristóbal,0,platform,all,25,23,917.00,1045.00,1216.00,2026-07-31T03:28:14.076331+00:00,7a7959fab51a
2026-07-01,San Cristóbal,0,platform,furnished,25,23,917.00,1045.00,1216.00,2026-07-31T03:28:14.076331+00:00,7a7959fab51a
2026-07-01,San Cristóbal,0,direct,all,220,201,531.96,583.02,642.24,2026-07-31T03:28:14.076331+00:00,7a7959fab51a
2026-07-01,San Cristóbal,0,direct,furnished,39,38,572.34,668.33,848.33,2026-07-31T03:28:14.076331+00:00,7a7959fab51a
2026-07-01,San Cristóbal,0,direct,unfurnished,138,130,516.50,573.81,616.79,2026-07-31T03:28:14.076331+00:00,7a7959fab51a
2026-07-01,San Cristóbal,1,all,all,304,283,629.88,778.40,1018.71,2026-07-31T03:28:14.076331+00:00,7a7959fab51a
2026-07-01,San Cristóbal,1,platform,all,123,121,822.00,1022.00,1398.00,2026-07-31T03:28:14.076331+00:00,7a7959fab51a
2026-07-01,San Cristóbal,1,platform,furnished,123,121,822.00,1022.00,1398.00,2026-07-31T03:28:14.076331+00:00,7a7959fab51a
2026-07-01,San Cristóbal,1,direct,all,181,171,581.06,669.37,798.43,2026-07-31T03:28:14.076331+00:00,7a7959fab51a
2026-07-01,San Cristóbal,1,direct,furnished,47,45,676.81,798.43,921.79,2026-07-31T03:28:14.076331+00:00,7a7959fab51a
2026-07-01,San Cristóbal,1,direct,unfurnished,116,113,578.39,651.53,747.52,2026-07-31T03:28:14.076331+00:00,7a7959fab51a
2026-07-01,San Cristóbal,2,all,all,90,90,754.51,1003.36,1341.00,2026-07-31T03:28:14.076331+00:00,7a7959fab51a
2026-07-01,San Cristóbal,2,direct,all,73,67,724.75,961.02,1225.81,2026-07-31T03:28:14.076331+00:00,7a7959fab51a
2026-07-01,San Cristóbal,2,direct,furnished,27,27,1046.69,1225.81,1604.07,2026-07-31T03:28:14.076331+00:00,7a7959fab51a
2026-07-01,San Cristóbal,2,direct,unfurnished,37,34,720.38,758.44,867.50,2026-07-31T03:28:14.076331+00:00,7a7959fab51a
2026-07-01,San Nicolás,0,all,all,797,758,589.22,804.65,1142.00,2026-07-31T03:28:14.076331+00:00,7a7959fab51a
2026-07-01,San Nicolás,0,platform,all,308,285,945.50,1174.00,1517.25,2026-07-31T03:28:14.076331+00:00,7a7959fab51a
2026-07-01,San Nicolás,0,platform,furnished,308,285,945.50,1174.00,1517.25,2026-07-31T03:28:14.076331+00:00,7a7959fab51a
2026-07-01,San Nicolás,0,direct,all,489,468,535.28,656.83,801.26,2026-07-31T03:28:14.076331+00:00,7a7959fab51a
2026-07-01,San Nicolás,0,direct,furnished,290,275,638.39,751.45,875.00,2026-07-31T03:28:14.076331+00:00,7a7959fab51a
2026-07-01,San Nicolás,0,direct,unfurnished,119,115,444.65,494.98,565.72,2026-07-31T03:28:14.076331+00:00,7a7959fab51a
2026-07-01,San Nicolás,1,all,all,1874,1776,796.00,1112.55,1516.50,2026-07-31T03:28:14.076331+00:00,7a7959fab51a
2026-07-01,San Nicolás,1,platform,all,1389,1298,991.00,1268.00,1648.00,2026-07-31T03:28:14.076331+00:00,7a7959fab51a
2026-07-01,San Nicolás,1,platform,furnished,1388,1297,991.00,1268.00,1645.75,2026-07-31T03:28:14.076331+00:00,7a7959fab51a
2026-07-01,San Nicolás,1,direct,all,485,454,626.51,724.63,865.81,2026-07-31T03:28:14.076331+00:00,7a7959fab51a
2026-07-01,San Nicolás,1,direct,furnished,216,204,707.77,818.12,1029.82,2026-07-31T03:28:14.076331+00:00,7a7959fab51a
2026-07-01,San Nicolás,1,direct,unfurnished,201,194,564.25,641.14,726.38,2026-07-31T03:28:14.076331+00:00,7a7959fab51a
2026-07-01,San Nicolás,2,all,all,563,547,1086.02,1562.00,2252.50,2026-07-31T03:28:14.076331+00:00,7a7959fab51a
2026-07-01,San Nicolás,2,platform,all,337,323,1612.00,2060.00,2601.00,2026-07-31T03:28:14.076331+00:00,7a7959fab51a
2026-07-01,San Nicolás,2,platform,furnished,337,323,1612.00,2060.00,2601.00,2026-07-31T03:28:14.076331+00:00,7a7959fab51a
2026-07-01,San Nicolás,2,direct,all,226,214,882.90,1051.86,1270.08,2026-07-31T03:28:14.076331+00:00,7a7959fab51a
2026-07-01,San Nicolás,2,direct,furnished,120,112,965.62,1181.80,1346.11,2026-07-31T03:28:14.076331+00:00,7a7959fab51a
2026-07-01,San Nicolás,2,direct,unfurnished,76,74,792.46,930.68,1112.77,2026-07-31T03:28:14.076331+00:00,7a7959fab51a
2026-07-01,San Nicolás,3,all,all,171,167,1304.43,2018.00,2860.00,2026-07-31T03:28:14.076331+00:00,7a7959fab51a
2026-07-01,San Nicolás,3,platform,all,79,76,2298.50,2850.00,3788.00,2026-07-31T03:28:14.076331+00:00,7a7959fab51a
2026-07-01,San Nicolás,3,platform,furnished,79,76,2298.50,2850.00,3788.00,2026-07-31T03:28:14.076331+00:00,7a7959fab51a
2026-07-01,San Nicolás,3,direct,all,92,88,1006.31,1367.16,1774.37,2026-07-31T03:28:14.076331+00:00,7a7959fab51a
2026-07-01,San Nicolás,3,direct,furnished,33,33,1247.81,1817.44,2438.78,2026-07-31T03:28:14.076331+00:00,7a7959fab51a
2026-07-01,San Nicolás,3,direct,unfurnished,39,38,919.95,1172.78,1637.45,2026-07-31T03:28:14.076331+00:00,7a7959fab51a
2026-07-01,San Nicolás,4,all,all,74,73,2228.11,3549.84,6449.25,2026-07-31T03:28:14.076331+00:00,7a7959fab51a
2026-07-01,San Nicolás,4,platform,all,44,43,3464.25,5969.50,6875.25,2026-07-31T03:28:14.076331+00:00,7a7959fab51a
2026-07-01,San Nicolás,4,platform,furnished,44,43,3464.25,5969.50,6875.25,2026-07-31T03:28:14.076331+00:00,7a7959fab51a
2026-07-01,San Nicolás,4,direct,all,30,28,1467.94,2111.41,2949.98,2026-07-31T03:28:14.076331+00:00,7a7959fab51a
2026-07-01,San Telmo,0,all,all,294,277,691.05,929.17,1226.00,2026-07-31T03:28:14.076331+00:00,7a7959fab51a
2026-07-01,San Telmo,0,platform,all,80,77,955.00,1222.00,1911.25,2026-07-31T03:28:14.076331+00:00,7a7959fab51a
2026-07-01,San Telmo,0,platform,furnished,80,77,955.00,1222.00,1911.25,2026-07-31T03:28:14.076331+00:00,7a7959fab51a
2026-07-01,San Telmo,0,direct,all,214,207,628.01,865.20,1101.67,2026-07-31T03:28:14.076331+00:00,7a7959fab51a
2026-07-01,San Telmo,0,direct,furnished,123,119,765.51,895.28,1161.63,2026-07-31T03:28:14.076331+00:00,7a7959fab51a
2026-07-01,San Telmo,0,direct,unfurnished,61,59,522.67,610.18,998.53,2026-07-31T03:28:14.076331+00:00,7a7959fab51a
2026-07-01,San Telmo,1,all,all,840,798,811.68,1148.50,1650.50,2026-07-31T03:28:14.076331+00:00,7a7959fab51a
2026-07-01,San Telmo,1,platform,all,531,508,931.00,1278.00,1918.50,2026-07-31T03:28:14.076331+00:00,7a7959fab51a
2026-07-01,San Telmo,1,platform,furnished,530,507,931.00,1277.50,1915.00,2026-07-31T03:28:14.076331+00:00,7a7959fab51a
2026-07-01,San Telmo,1,direct,all,309,301,698.65,896.24,1297.46,2026-07-31T03:28:14.076331+00:00,7a7959fab51a
2026-07-01,San Telmo,1,direct,furnished,165,162,787.73,969.93,1429.39,2026-07-31T03:28:14.076331+00:00,7a7959fab51a
2026-07-01,San Telmo,1,direct,unfurnished,114,110,616.51,770.24,1124.43,2026-07-31T03:28:14.076331+00:00,7a7959fab51a
2026-07-01,San Telmo,2,all,all,227,221,1059.77,1396.00,2236.88,2026-07-31T03:28:14.076331+00:00,7a7959fab51a
2026-07-01,San Telmo,2,platform,all,104,99,1307.50,1690.00,2461.50,2026-07-31T03:28:14.076331+00:00,7a7959fab51a
2026-07-01,San Telmo,2,platform,furnished,104,99,1307.50,1690.00,2461.50,2026-07-31T03:28:14.076331+00:00,7a7959fab51a
2026-07-01,San Telmo,2,direct,all,123,108,847.36,1155.90,1661.36,2026-07-31T03:28:14.076331+00:00,7a7959fab51a
2026-07-01,San Telmo,2,direct,furnished,48,43,1066.21,1237.63,1429.19,2026-07-31T03:28:14.076331+00:00,7a7959fab51a
2026-07-01,San Telmo,2,direct,unfurnished,55,45,772.51,860.52,1205.42,2026-07-31T03:28:14.076331+00:00,7a7959fab51a
2026-07-01,San Telmo,3,all,all,43,41,1591.50,1963.16,3617.33,2026-07-31T03:28:14.076331+00:00,7a7959fab51a
2026-07-01,San Telmo,3,platform,all,23,22,1903.50,3199.00,4911.00,2026-07-31T03:28:14.076331+00:00,7a7959fab51a
2026-07-01,San Telmo,3,platform,furnished,23,22,1903.50,3199.00,4911.00,2026-07-31T03:28:14.076331+00:00,7a7959fab51a
2026-07-01,San Telmo,3,direct,all,20,18,1303.94,1781.89,1963.16,2026-07-31T03:28:14.076331+00:00,7a7959fab51a
2026-07-01,San Telmo,4,all,all,22,19,1928.63,2480.96,6175.62,2026-07-31T03:28:14.076331+00:00,7a7959fab51a
2026-07-01,Śródmieście,0,all,all,85,78,858.99,964.60,1060.02,2026-07-31T03:28:14.076331+00:00,7a7959fab51a
2026-07-01,Śródmieście,0,direct,all,85,78,858.99,964.60,1060.02,2026-07-31T03:28:14.076331+00:00,7a7959fab51a
2026-07-01,Śródmieście,0,direct,furnished,83,76,870.70,964.60,1055.79,2026-07-31T03:28:14.076331+00:00,7a7959fab51a
2026-07-01,Śródmieście,1,all,all,263,230,1238.60,1553.42,2101.13,2026-07-31T03:28:14.076331+00:00,7a7959fab51a
2026-07-01,Śródmieście,1,direct,all,263,230,1238.60,1553.42,2101.13,2026-07-31T03:28:14.076331+00:00,7a7959fab51a
2026-07-01,Śródmieście,1,direct,furnished,260,227,1246.44,1574.16,2129.50,2026-07-31T03:28:14.076331+00:00,7a7959fab51a
2026-07-01,Śródmieście,2,all,all,180,156,1854.07,2600.01,3872.05,2026-07-31T03:28:14.076331+00:00,7a7959fab51a
2026-07-01,Śródmieście,2,direct,all,180,156,1854.07,2600.01,3872.05,2026-07-31T03:28:14.076331+00:00,7a7959fab51a
2026-07-01,Śródmieście,2,direct,furnished,165,141,1859.29,2607.82,3899.06,2026-07-31T03:28:14.076331+00:00,7a7959fab51a
2026-07-01,Śródmieście,3,all,all,54,53,3514.32,4794.86,8172.80,2026-07-31T03:28:14.076331+00:00,7a7959fab51a
2026-07-01,Śródmieście,3,direct,all,54,53,3514.32,4794.86,8172.80,2026-07-31T03:28:14.076331+00:00,7a7959fab51a
2026-07-01,Śródmieście,3,direct,furnished,42,41,4380.53,5594.49,9104.61,2026-07-31T03:28:14.076331+00:00,7a7959fab51a
2026-07-01,Targówek,0,all,all,24,24,725.15,838.69,903.33,2026-07-31T03:28:14.076331+00:00,7a7959fab51a
2026-07-01,Targówek,0,direct,all,24,24,725.15,838.69,903.33,2026-07-31T03:28:14.076331+00:00,7a7959fab51a
2026-07-01,Targówek,0,direct,furnished,23,23,723.56,847.43,906.32,2026-07-31T03:28:14.076331+00:00,7a7959fab51a
2026-07-01,Targówek,1,all,all,55,52,1016.60,1109.87,1183.07,2026-07-31T03:28:14.076331+00:00,7a7959fab51a
2026-07-01,Targówek,1,direct,all,55,52,1016.60,1109.87,1183.07,2026-07-31T03:28:14.076331+00:00,7a7959fab51a
2026-07-01,Targówek,1,direct,furnished,55,52,1016.60,1109.87,1183.07,2026-07-31T03:28:14.076331+00:00,7a7959fab51a
2026-07-01,Targówek,2,all,all,29,27,1263.47,1343.35,1531.93,2026-07-31T03:28:14.076331+00:00,7a7959fab51a
2026-07-01,Targówek,2,direct,all,29,27,1263.47,1343.35,1531.93,2026-07-31T03:28:14.076331+00:00,7a7959fab51a
2026-07-01,Targówek,2,direct,furnished,28,26,1250.78,1335.16,1531.96,2026-07-31T03:28:14.076331+00:00,7a7959fab51a
2026-07-01,Ursus,1,all,all,58,58,994.36,1076.85,1248.69,2026-07-31T03:28:14.076331+00:00,7a7959fab51a
2026-07-01,Ursus,1,direct,all,58,58,994.36,1076.85,1248.69,2026-07-31T03:28:14.076331+00:00,7a7959fab51a
2026-07-01,Ursus,1,direct,furnished,57,57,998.80,1077.07,1248.90,2026-07-31T03:28:14.076331+00:00,7a7959fab51a
2026-07-01,Ursus,2,all,all,22,22,1208.45,1319.33,1554.38,2026-07-31T03:28:14.076331+00:00,7a7959fab51a
2026-07-01,Ursus,2,direct,all,22,22,1208.45,1319.33,1554.38,2026-07-31T03:28:14.076331+00:00,7a7959fab51a
2026-07-01,Ursus,2,direct,furnished,21,21,1207.91,1291.45,1548.66,2026-07-31T03:28:14.076331+00:00,7a7959fab51a
2026-07-01,Ursynów,0,all,all,36,34,885.62,934.55,991.51,2026-07-31T03:28:14.076331+00:00,7a7959fab51a
2026-07-01,Ursynów,0,direct,all,36,34,885.62,934.55,991.51,2026-07-31T03:28:14.076331+00:00,7a7959fab51a
2026-07-01,Ursynów,0,direct,furnished,36,34,885.62,934.55,991.51,2026-07-31T03:28:14.076331+00:00,7a7959fab51a
2026-07-01,Ursynów,1,all,all,104,102,1103.46,1203.48,1275.91,2026-07-31T03:28:14.076331+00:00,7a7959fab51a
2026-07-01,Ursynów,1,direct,all,104,102,1103.46,1203.48,1275.91,2026-07-31T03:28:14.076331+00:00,7a7959fab51a
2026-07-01,Ursynów,1,direct,furnished,103,101,1103.38,1207.48,1276.63,2026-07-31T03:28:14.076331+00:00,7a7959fab51a
2026-07-01,Ursynów,2,all,all,52,50,1445.02,1595.30,1779.61,2026-07-31T03:28:14.076331+00:00,7a7959fab51a
2026-07-01,Ursynów,2,direct,all,52,50,1445.02,1595.30,1779.61,2026-07-31T03:28:14.076331+00:00,7a7959fab51a
2026-07-01,Ursynów,2,direct,furnished,51,49,1441.58,1601.02,1780.79,2026-07-31T03:28:14.076331+00:00,7a7959fab51a
2026-07-01,Vicente López,0,all,all,195,176,534.82,654.11,933.33,2026-07-31T03:28:14.076331+00:00,7a7959fab51a
2026-07-01,Vicente López,0,direct,all,180,161,520.54,627.71,861.47,2026-07-31T03:28:14.076331+00:00,7a7959fab51a
2026-07-01,Vicente López,0,direct,furnished,28,24,727.27,933.33,1225.02,2026-07-31T03:28:14.076331+00:00,7a7959fab51a
2026-07-01,Vicente López,0,direct,unfurnished,120,106,517.90,586.77,773.94,2026-07-31T03:28:14.076331+00:00,7a7959fab51a
2026-07-01,Vicente López,1,all,all,874,832,716.19,970.80,1554.84,2026-07-31T03:28:14.076331+00:00,7a7959fab51a
2026-07-01,Vicente López,1,platform,all,195,188,1139.00,1557.00,2130.50,2026-07-31T03:28:14.076331+00:00,7a7959fab51a
2026-07-01,Vicente López,1,platform,furnished,195,188,1139.00,1557.00,2130.50,2026-07-31T03:28:14.076331+00:00,7a7959fab51a
2026-07-01,Vicente López,1,direct,all,679,643,684.95,824.48,1325.47,2026-07-31T03:28:14.076331+00:00,7a7959fab51a
2026-07-01,Vicente López,1,direct,furnished,116,104,1221.45,1508.54,1794.97,2026-07-31T03:28:14.076331+00:00,7a7959fab51a
2026-07-01,Vicente López,1,direct,unfurnished,434,387,649.56,750.73,1006.98,2026-07-31T03:28:14.076331+00:00,7a7959fab51a
2026-07-01,Vicente López,2,all,all,620,576,931.60,1211.85,2093.73,2026-07-31T03:28:14.076331+00:00,7a7959fab51a
2026-07-01,Vicente López,2,platform,all,56,51,1670.50,2085.50,2816.75,2026-07-31T03:28:14.076331+00:00,7a7959fab51a
2026-07-01,Vicente López,2,platform,furnished,56,51,1670.50,2085.50,2816.75,2026-07-31T03:28:14.076331+00:00,7a7959fab51a
2026-07-01,Vicente López,2,direct,all,564,515,901.37,1139.73,1972.64,2026-07-31T03:28:14.076331+00:00,7a7959fab51a
2026-07-01,Vicente López,2,direct,furnished,80,78,1436.10,2238.13,2915.95,2026-07-31T03:28:14.076331+00:00,7a7959fab51a
2026-07-01,Vicente López,2,direct,unfurnished,370,327,868.89,1065.57,1550.22,2026-07-31T03:28:14.076331+00:00,7a7959fab51a
2026-07-01,Vicente López,3,all,all,251,240,1480.66,2395.30,4218.58,2026-07-31T03:28:14.076331+00:00,7a7959fab51a
2026-07-01,Vicente López,3,direct,all,240,232,1472.36,2360.65,4011.00,2026-07-31T03:28:14.076331+00:00,7a7959fab51a
2026-07-01,Vicente López,3,direct,furnished,29,27,3595.65,4725.49,6481.67,2026-07-31T03:28:14.076331+00:00,7a7959fab51a
2026-07-01,Vicente López,3,direct,unfurnished,169,163,1389.35,1964.03,3723.91,2026-07-31T03:28:14.076331+00:00,7a7959fab51a
2026-07-01,Vicente López,4,all,all,120,117,3526.98,5296.86,8117.81,2026-07-31T03:28:14.076331+00:00,7a7959fab51a
2026-07-01,Vicente López,4,direct,all,115,112,3461.20,5175.05,8082.91,2026-07-31T03:28:14.076331+00:00,7a7959fab51a
2026-07-01,Vicente López,4,direct,unfurnished,64,63,2250.23,4149.02,7729.10,2026-07-31T03:28:14.076331+00:00,7a7959fab51a
2026-07-01,Villa Crespo,0,all,all,619,586,630.22,760.62,1000.00,2026-07-31T03:28:14.076331+00:00,7a7959fab51a
2026-07-01,Villa Crespo,0,platform,all,130,119,1028.25,1270.00,1484.25,2026-07-31T03:28:14.076331+00:00,7a7959fab51a
2026-07-01,Villa Crespo,0,platform,furnished,130,119,1028.25,1270.00,1484.25,2026-07-31T03:28:14.076331+00:00,7a7959fab51a
2026-07-01,Villa Crespo,0,direct,all,489,475,615.93,720.21,853.73,2026-07-31T03:28:14.076331+00:00,7a7959fab51a
2026-07-01,Villa Crespo,0,direct,furnished,179,175,758.33,876.16,1024.64,2026-07-31T03:28:14.076331+00:00,7a7959fab51a
2026-07-01,Villa Crespo,0,direct,unfurnished,244,234,594.80,625.07,726.01,2026-07-31T03:28:14.076331+00:00,7a7959fab51a
2026-07-01,Villa Crespo,1,all,all,1269,1185,782.50,1037.00,1399.00,2026-07-31T03:28:14.076331+00:00,7a7959fab51a
2026-07-01,Villa Crespo,1,platform,all,720,676,953.50,1203.50,1648.25,2026-07-31T03:28:14.076331+00:00,7a7959fab51a
2026-07-01,Villa Crespo,1,platform,furnished,720,676,953.50,1203.50,1648.25,2026-07-31T03:28:14.076331+00:00,7a7959fab51a
2026-07-01,Villa Crespo,1,direct,all,549,519,696.41,852.76,1049.78,2026-07-31T03:28:14.076331+00:00,7a7959fab51a
2026-07-01,Villa Crespo,1,direct,furnished,162,157,874.80,1026.44,1379.87,2026-07-31T03:28:14.076331+00:00,7a7959fab51a
2026-07-01,Villa Crespo,1,direct,unfurnished,344,328,661.98,753.72,940.74,2026-07-31T03:28:14.076331+00:00,7a7959fab51a
2026-07-01,Villa Crespo,2,all,all,308,284,1011.49,1342.13,2010.60,2026-07-31T03:28:14.076331+00:00,7a7959fab51a
2026-07-01,Villa Crespo,2,platform,all,114,108,1502.00,2088.00,2875.50,2026-07-31T03:28:14.076331+00:00,7a7959fab51a
2026-07-01,Villa Crespo,2,platform,furnished,114,108,1502.00,2088.00,2875.50,2026-07-31T03:28:14.076331+00:00,7a7959fab51a
2026-07-01,Villa Crespo,2,direct,all,194,182,935.21,1110.23,1393.15,2026-07-31T03:28:14.076331+00:00,7a7959fab51a
2026-07-01,Villa Crespo,2,direct,furnished,60,56,1055.18,1253.71,1733.11,2026-07-31T03:28:14.076331+00:00,7a7959fab51a
2026-07-01,Villa Crespo,2,direct,unfurnished,107,103,831.47,995.93,1184.27,2026-07-31T03:28:14.076331+00:00,7a7959fab51a
2026-07-01,Villa Crespo,3,all,all,94,81,1153.22,1535.25,2324.00,2026-07-31T03:28:14.076331+00:00,7a7959fab51a
2026-07-01,Villa Crespo,3,platform,all,20,20,2324.00,3392.50,5497.75,2026-07-31T03:28:14.076331+00:00,7a7959fab51a
2026-07-01,Villa Crespo,3,platform,furnished,20,20,2324.00,3392.50,5497.75,2026-07-31T03:28:14.076331+00:00,7a7959fab51a
2026-07-01,Villa Crespo,3,direct,all,74,65,1089.39,1369.57,1771.19,2026-07-31T03:28:14.076331+00:00,7a7959fab51a
2026-07-01,Villa Crespo,3,direct,unfurnished,48,44,1080.66,1189.18,1525.75,2026-07-31T03:28:14.076331+00:00,7a7959fab51a
2026-07-01,Villa Crespo,4,all,all,28,26,2612.57,4954.00,6694.23,2026-07-31T03:28:14.076331+00:00,7a7959fab51a
2026-07-01,Villa Ortúzar,0,all,all,93,91,575.29,634.99,728.58,2026-07-31T03:28:14.076331+00:00,7a7959fab51a
2026-07-01,Villa Ortúzar,0,direct,all,88,88,563.46,628.12,715.89,2026-07-31T03:28:14.076331+00:00,7a7959fab51a
2026-07-01,Villa Ortúzar,0,direct,unfurnished,60,60,553.19,595.14,699.78,2026-07-31T03:28:14.076331+00:00,7a7959fab51a
2026-07-01,Villa Ortúzar,1,all,all,169,165,770.66,959.48,1252.00,2026-07-31T03:28:14.076331+00:00,7a7959fab51a
2026-07-01,Villa Ortúzar,1,platform,all,73,70,735.00,977.00,1269.00,2026-07-31T03:28:14.076331+00:00,7a7959fab51a
2026-07-01,Villa Ortúzar,1,platform,furnished,73,70,735.00,977.00,1269.00,2026-07-31T03:28:14.076331+00:00,7a7959fab51a
2026-07-01,Villa Ortúzar,1,direct,all,96,91,771.52,956.82,1194.61,2026-07-31T03:28:14.076331+00:00,7a7959fab51a
2026-07-01,Villa Ortúzar,1,direct,furnished,28,28,1192.75,1516.67,1662.56,2026-07-31T03:28:14.076331+00:00,7a7959fab51a
2026-07-01,Villa Ortúzar,1,direct,unfurnished,57,57,651.52,915.64,962.39,2026-07-31T03:28:14.076331+00:00,7a7959fab51a
2026-07-01,Villa Ortúzar,2,all,all,61,50,1148.33,1232.62,1845.91,2026-07-31T03:28:14.076331+00:00,7a7959fab51a
2026-07-01,Villa Ortúzar,2,direct,all,53,43,1036.14,1221.19,1845.91,2026-07-31T03:28:14.076331+00:00,7a7959fab51a
2026-07-01,Villa Ortúzar,2,direct,unfurnished,31,29,963.11,1164.95,1499.88,2026-07-31T03:28:14.076331+00:00,7a7959fab51a
2026-07-01,Villa Urquiza,0,all,all,610,571,590.89,656.90,799.67,2026-07-31T03:28:14.076331+00:00,7a7959fab51a
2026-07-01,Villa Urquiza,0,platform,all,40,33,987.50,1169.50,1387.00,2026-07-31T03:28:14.076331+00:00,7a7959fab51a
2026-07-01,Villa Urquiza,0,platform,furnished,40,33,987.50,1169.50,1387.00,2026-07-31T03:28:14.076331+00:00,7a7959fab51a
2026-07-01,Villa Urquiza,0,direct,all,570,548,588.93,647.94,774.09,2026-07-31T03:28:14.076331+00:00,7a7959fab51a
2026-07-01,Villa Urquiza,0,direct,furnished,147,144,757.95,816.67,919.79,2026-07-31T03:28:14.076331+00:00,7a7959fab51a
2026-07-01,Villa Urquiza,0,direct,unfurnished,337,316,573.41,609.56,660.09,2026-07-31T03:28:14.076331+00:00,7a7959fab51a
2026-07-01,Villa Urquiza,1,all,all,833,782,731.17,878.37,1187.14,2026-07-31T03:28:14.076331+00:00,7a7959fab51a
2026-07-01,Villa Urquiza,1,platform,all,218,209,1087.25,1362.50,1701.13,2026-07-31T03:28:14.076331+00:00,7a7959fab51a
2026-07-01,Villa Urquiza,1,platform,furnished,218,209,1087.25,1362.50,1701.13,2026-07-31T03:28:14.076331+00:00,7a7959fab51a
2026-07-01,Villa Urquiza,1,direct,all,615,575,712.27,801.53,965.80,2026-07-31T03:28:14.076331+00:00,7a7959fab51a
2026-07-01,Villa Urquiza,1,direct,furnished,114,113,865.56,1045.22,1401.22,2026-07-31T03:28:14.076331+00:00,7a7959fab51a
2026-07-01,Villa Urquiza,1,direct,unfurnished,398,382,688.41,759.69,892.23,2026-07-31T03:28:14.076331+00:00,7a7959fab51a
2026-07-01,Villa Urquiza,2,all,all,306,288,1042.41,1272.25,1527.54,2026-07-31T03:28:14.076331+00:00,7a7959fab51a
2026-07-01,Villa Urquiza,2,platform,all,29,28,1526.00,1927.00,2416.00,2026-07-31T03:28:14.076331+00:00,7a7959fab51a
2026-07-01,Villa Urquiza,2,platform,furnished,29,28,1526.00,1927.00,2416.00,2026-07-31T03:28:14.076331+00:00,7a7959fab51a
2026-07-01,Villa Urquiza,2,direct,all,277,266,1036.81,1221.97,1448.08,2026-07-31T03:28:14.076331+00:00,7a7959fab51a
2026-07-01,Villa Urquiza,2,direct,furnished,40,36,1146.88,1428.00,1652.86,2026-07-31T03:28:14.076331+00:00,7a7959fab51a
2026-07-01,Villa Urquiza,2,direct,unfurnished,210,205,955.62,1190.43,1399.66,2026-07-31T03:28:14.076331+00:00,7a7959fab51a
2026-07-01,Villa Urquiza,3,all,all,75,72,1347.40,1855.69,2366.59,2026-07-31T03:28:14.076331+00:00,7a7959fab51a
2026-07-01,Villa Urquiza,3,direct,all,69,64,1337.48,1852.06,2256.63,2026-07-31T03:28:14.076331+00:00,7a7959fab51a
2026-07-01,Villa Urquiza,3,direct,unfurnished,43,41,1246.14,1624.68,2044.14,2026-07-31T03:28:14.076331+00:00,7a7959fab51a
2026-07-01,Villa Urquiza,4,all,all,32,29,2202.59,4037.76,5539.02,2026-07-31T03:28:14.076331+00:00,7a7959fab51a
2026-07-01,Villa Urquiza,4,direct,all,29,26,2295.73,4037.76,5298.72,2026-07-31T03:28:14.076331+00:00,7a7959fab51a
2026-07-01,Villa Urquiza,4,direct,unfurnished,20,18,1923.16,2851.07,4988.90,2026-07-31T03:28:14.076331+00:00,7a7959fab51a
2026-07-01,Wilanów,1,all,all,71,68,1192.60,1307.90,1422.04,2026-07-31T03:28:14.076331+00:00,7a7959fab51a
2026-07-01,Wilanów,1,direct,all,71,68,1192.60,1307.90,1422.04,2026-07-31T03:28:14.076331+00:00,7a7959fab51a
2026-07-01,Wilanów,1,direct,furnished,69,66,1189.54,1310.94,1437.18,2026-07-31T03:28:14.076331+00:00,7a7959fab51a
2026-07-01,Wilanów,2,all,all,64,62,1770.94,2064.94,2456.16,2026-07-31T03:28:14.076331+00:00,7a7959fab51a
2026-07-01,Wilanów,2,direct,all,64,62,1770.94,2064.94,2456.16,2026-07-31T03:28:14.076331+00:00,7a7959fab51a
2026-07-01,Wilanów,2,direct,furnished,61,60,1787.17,2070.34,2518.27,2026-07-31T03:28:14.076331+00:00,7a7959fab51a
2026-07-01,Wilanów,3,all,all,30,30,2542.29,3449.52,4634.03,2026-07-31T03:28:14.076331+00:00,7a7959fab51a
2026-07-01,Wilanów,3,direct,all,30,30,2542.29,3449.52,4634.03,2026-07-31T03:28:14.076331+00:00,7a7959fab51a
2026-07-01,Wilanów,3,direct,furnished,25,25,2413.89,3160.13,4073.98,2026-07-31T03:28:14.076331+00:00,7a7959fab51a
2026-07-01,Włochy,0,all,all,38,37,839.26,902.64,1005.14,2026-07-31T03:28:14.076331+00:00,7a7959fab51a
2026-07-01,Włochy,0,direct,all,38,37,839.26,902.64,1005.14,2026-07-31T03:28:14.076331+00:00,7a7959fab51a
2026-07-01,Włochy,0,direct,furnished,38,37,839.26,902.64,1005.14,2026-07-31T03:28:14.076331+00:00,7a7959fab51a
2026-07-01,Włochy,1,all,all,80,79,1087.30,1182.77,1308.96,2026-07-31T03:28:14.076331+00:00,7a7959fab51a
2026-07-01,Włochy,1,direct,all,80,79,1087.30,1182.77,1308.96,2026-07-31T03:28:14.076331+00:00,7a7959fab51a
2026-07-01,Włochy,1,direct,furnished,80,79,1087.30,1182.77,1308.96,2026-07-31T03:28:14.076331+00:00,7a7959fab51a
2026-07-01,Włochy,2,all,all,40,38,1405.55,1558.58,1679.58,2026-07-31T03:28:14.076331+00:00,7a7959fab51a
2026-07-01,Włochy,2,direct,all,40,38,1405.55,1558.58,1679.58,2026-07-31T03:28:14.076331+00:00,7a7959fab51a
2026-07-01,Włochy,2,direct,furnished,40,38,1405.55,1558.58,1679.58,2026-07-31T03:28:14.076331+00:00,7a7959fab51a
2026-07-01,Wola,0,all,all,108,108,883.85,1003.18,1275.28,2026-07-31T03:28:14.076331+00:00,7a7959fab51a
2026-07-01,Wola,0,direct,all,108,108,883.85,1003.18,1275.28,2026-07-31T03:28:14.076331+00:00,7a7959fab51a
2026-07-01,Wola,0,direct,furnished,108,108,883.85,1003.18,1275.28,2026-07-31T03:28:14.076331+00:00,7a7959fab51a
2026-07-01,Wola,1,all,all,366,350,1259.79,1491.28,1725.99,2026-07-31T03:28:14.076331+00:00,7a7959fab51a
2026-07-01,Wola,1,direct,all,366,350,1259.79,1491.28,1725.99,2026-07-31T03:28:14.076331+00:00,7a7959fab51a
2026-07-01,Wola,1,direct,furnished,363,347,1259.83,1496.74,1728.93,2026-07-31T03:28:14.076331+00:00,7a7959fab51a
2026-07-01,Wola,2,all,all,170,165,1693.32,2186.26,2691.36,2026-07-31T03:28:14.076331+00:00,7a7959fab51a
2026-07-01,Wola,2,direct,all,170,165,1693.32,2186.26,2691.36,2026-07-31T03:28:14.076331+00:00,7a7959fab51a
2026-07-01,Wola,2,direct,furnished,167,161,1692.16,2175.39,2681.46,2026-07-31T03:28:14.076331+00:00,7a7959fab51a
2026-07-01,Wola,3,all,all,39,39,2527.39,4104.92,6922.62,2026-07-31T03:28:14.076331+00:00,7a7959fab51a
2026-07-01,Wola,3,direct,all,39,39,2527.39,4104.92,6922.62,2026-07-31T03:28:14.076331+00:00,7a7959fab51a
2026-07-01,Wola,3,direct,furnished,39,39,2527.39,4104.92,6922.62,2026-07-31T03:28:14.076331+00:00,7a7959fab51a
2026-07-01,Żoliborz,0,all,all,24,22,803.70,897.50,990.32,2026-07-31T03:28:14.076331+00:00,7a7959fab51a
2026-07-01,Żoliborz,0,direct,all,24,22,803.70,897.50,990.32,2026-07-31T03:28:14.076331+00:00,7a7959fab51a
2026-07-01,Żoliborz,0,direct,furnished,24,22,803.70,897.50,990.32,2026-07-31T03:28:14.076331+00:00,7a7959fab51a
2026-07-01,Żoliborz,1,all,all,55,53,1143.54,1289.37,1472.78,2026-07-31T03:28:14.076331+00:00,7a7959fab51a
2026-07-01,Żoliborz,1,direct,all,55,53,1143.54,1289.37,1472.78,2026-07-31T03:28:14.076331+00:00,7a7959fab51a
2026-07-01,Żoliborz,1,direct,furnished,53,52,1143.46,1269.88,1470.90,2026-07-31T03:28:14.076331+00:00,7a7959fab51a
2026-07-01,Żoliborz,2,all,all,35,30,1356.11,1608.34,2047.61,2026-07-31T03:28:14.076331+00:00,7a7959fab51a
2026-07-01,Żoliborz,2,direct,all,35,30,1356.11,1608.34,2047.61,2026-07-31T03:28:14.076331+00:00,7a7959fab51a
2026-07-01,Żoliborz,2,direct,furnished,32,28,1391.03,1657.13,2127.56,2026-07-31T03:28:14.076331+00:00,7a7959fab51a
